subscriber_id,signup_date,plan_tier,region,churn
sub_00001,2025-04-14,Standard,North America,1
sub_00002,2023-12-10,Premium,Europe,0
sub_00003,2024-03-05,Basic,Europe,1
sub_00004,2024-08-06,Standard,Europe,0
sub_00005,2024-08-10,Premium,North America,0
sub_00006,2023-10-11,Standard,North America,0
sub_00007,2025-04-16,Standard,North America,1
sub_00008,2024-02-03,Standard,North America,0
sub_00009,2025-01-23,Basic,APAC,1
sub_00010,2025-04-10,Standard,North America,0
sub_00011,2024-06-05,Basic,Europe,1
sub_00012,2023-07-19,Basic,Europe,0
sub_00013,2024-01-07,Standard,APAC,0
sub_00014,2023-12-20,Standard,North America,0
sub_00015,2024-01-20,Premium,North America,0
sub_00016,2023-12-02,Basic,North America,0
sub_00017,2024-06-14,Basic,Europe,0
sub_00018,2025-03-17,Premium,North America,1
sub_00019,2023-10-24,Basic,APAC,0
sub_00020,2024-07-29,Basic,North America,1
sub_00021,2024-06-23,Basic,North America,1
sub_00022,2024-09-24,Standard,North America,1
sub_00023,2025-02-06,Premium,APAC,0
sub_00024,2023-08-23,Premium,APAC,1
sub_00025,2023-12-05,Standard,APAC,1
sub_00026,2024-03-12,Basic,Europe,0
sub_00027,2024-09-01,Basic,APAC,0
sub_00028,2023-11-05,Standard,Europe,1
sub_00029,2024-05-22,Basic,North America,1
sub_00030,2024-08-03,Basic,Europe,0
sub_00031,2024-07-29,Basic,APAC,0
sub_00032,2025-01-05,Basic,North America,0
sub_00033,2025-04-12,Standard,Europe,0
sub_00034,2024-05-15,Standard,Europe,0
sub_00035,2023-09-20,Basic,Europe,1
sub_00036,2025-05-02,Standard,North America,1
sub_00037,2023-10-11,Premium,Europe,0
sub_00038,2023-11-02,Standard,APAC,1
sub_00039,2024-11-30,Premium,North America,0
sub_00040,2024-03-21,Standard,North America,1
sub_00041,2025-02-18,Premium,North America,1
sub_00042,2023-12-22,Basic,North America,1
sub_00043,2024-02-01,Basic,Latin America,0
sub_00044,2024-10-06,Basic,Europe,1
sub_00045,2025-04-29,Standard,North America,0
sub_00046,2023-07-22,Basic,North America,0
sub_00047,2024-08-01,Basic,Latin America,0
sub_00048,2023-09-16,Premium,North America,0
sub_00049,2024-02-17,Basic,APAC,1
sub_00050,2023-12-07,Basic,North America,0
sub_00051,2023-12-20,Basic,North America,0
sub_00052,2025-01-28,Standard,Europe,1
sub_00053,2024-09-29,Basic,North America,1
sub_00054,2024-07-17,Basic,Europe,1
sub_00055,2024-06-25,Basic,North America,0
sub_00056,2025-05-16,Premium,APAC,0
sub_00057,2024-05-21,Premium,APAC,1
sub_00058,2025-02-26,Standard,APAC,1
sub_00059,2024-01-01,Standard,North America,1
sub_00060,2024-02-13,Premium,APAC,1
sub_00061,2023-08-26,Premium,Latin America,0
sub_00062,2023-12-31,Standard,North America,0
sub_00063,2024-09-27,Premium,North America,1
sub_00064,2023-07-25,Premium,APAC,1
sub_00065,2024-08-26,Premium,North America,0
sub_00066,2024-10-26,Standard,Europe,1
sub_00067,2023-09-07,Basic,APAC,1
sub_00068,2024-09-24,Basic,North America,1
sub_00069,2025-04-23,Standard,Europe,1
sub_00070,2024-07-15,Standard,Europe,0
sub_00071,2023-11-25,Standard,North America,0
sub_00072,2025-02-01,Standard,APAC,1
sub_00073,2024-07-20,Standard,North America,1
sub_00074,2025-03-15,Premium,North America,1
sub_00075,2024-02-11,Basic,APAC,1
sub_00076,2024-07-11,Basic,North America,0
sub_00077,2024-10-23,Premium,APAC,0
sub_00078,2025-01-05,Premium,North America,1
sub_00079,2024-05-08,Premium,Europe,0
sub_00080,2024-02-23,Premium,North America,1
sub_00081,2023-08-13,Premium,Europe,0
sub_00082,2024-08-07,Basic,APAC,1
sub_00083,2025-02-21,Standard,APAC,0
sub_00084,2023-10-29,Basic,Latin America,1
sub_00085,2024-03-23,Standard,Europe,0
sub_00086,2024-02-01,Premium,APAC,1
sub_00087,2025-04-08,Basic,Europe,1
sub_00088,2024-11-05,Standard,Latin America,1
sub_00089,2023-12-15,Basic,Europe,0
sub_00090,2023-10-30,Basic,APAC,1
sub_00091,2024-08-09,Basic,North America,0
sub_00092,2023-11-18,Basic,Europe,1
sub_00093,2023-10-23,Premium,APAC,1
sub_00094,2024-09-12,Standard,North America,1
sub_00095,2023-09-12,Premium,North America,0
sub_00096,2024-11-22,Standard,Latin America,0
sub_00097,2024-12-27,Basic,Europe,0
sub_00098,2024-02-14,Basic,North America,0
sub_00099,2024-03-18,Premium,North America,0
sub_00100,2025-03-08,Basic,North America,1
sub_00101,2023-10-29,Premium,Europe,1
sub_00102,2025-01-24,Basic,Latin America,0
sub_00103,2023-11-18,Standard,Latin America,0
sub_00104,2025-06-11,Premium,Europe,1
sub_00105,2023-11-24,Basic,Europe,1
sub_00106,2023-12-01,Basic,North America,0
sub_00107,2023-12-06,Premium,APAC,0
sub_00108,2024-02-26,Basic,North America,0
sub_00109,2024-07-14,Standard,North America,0
sub_00110,2024-01-29,Standard,Latin America,1
sub_00111,2024-11-30,Basic,APAC,0
sub_00112,2023-12-05,Premium,North America,0
sub_00113,2024-05-15,Premium,Europe,0
sub_00114,2024-07-23,Basic,Europe,0
sub_00115,2024-06-19,Premium,North America,1
sub_00116,2024-05-05,Basic,North America,0
sub_00117,2025-05-21,Basic,North America,0
sub_00118,2025-03-08,Standard,Europe,0
sub_00119,2024-12-23,Premium,Europe,0
sub_00120,2025-03-26,Basic,Europe,0
sub_00121,2024-08-06,Basic,North America,0
sub_00122,2024-02-24,Standard,Latin America,0
sub_00123,2024-03-05,Premium,Europe,0
sub_00124,2024-07-14,Basic,APAC,0
sub_00125,2023-10-13,Basic,North America,1
sub_00126,2024-05-08,Standard,Europe,0
sub_00127,2025-04-21,Basic,APAC,0
sub_00128,2023-12-17,Basic,North America,1
sub_00129,2024-05-01,Basic,North America,0
sub_00130,2024-03-19,Standard,North America,1
sub_00131,2024-05-08,Standard,North America,0
sub_00132,2024-05-16,Premium,Europe,0
sub_00133,2025-04-13,Standard,North America,1
sub_00134,2024-05-12,Standard,North America,0
sub_00135,2023-11-25,Premium,Europe,1
sub_00136,2024-11-11,Standard,North America,0
sub_00137,2024-04-11,Standard,North America,0
sub_00138,2025-05-25,Premium,Europe,0
sub_00139,2024-10-11,Basic,North America,0
sub_00140,2024-08-08,Standard,North America,0
sub_00141,2023-07-14,Premium,North America,0
sub_00142,2025-01-14,Basic,North America,0
sub_00143,2024-11-30,Standard,Europe,0
sub_00144,2024-08-28,Basic,North America,0
sub_00145,2023-07-07,Basic,North America,0
sub_00146,2023-10-14,Standard,Latin America,0
sub_00147,2025-05-23,Basic,Latin America,1
sub_00148,2024-12-31,Premium,North America,0
sub_00149,2023-11-06,Premium,North America,0
sub_00150,2025-05-06,Premium,Europe,1
sub_00151,2023-10-13,Basic,APAC,1
sub_00152,2024-11-27,Basic,APAC,0
sub_00153,2023-08-29,Basic,North America,0
sub_00154,2024-11-18,Basic,North America,0
sub_00155,2024-08-10,Premium,North America,1
sub_00156,2024-02-29,Standard,APAC,0
sub_00157,2025-03-18,Basic,APAC,1
sub_00158,2024-05-14,Premium,North America,1
sub_00159,2024-06-20,Basic,Europe,0
sub_00160,2023-12-03,Basic,North America,1
sub_00161,2023-07-04,Basic,Europe,1
sub_00162,2024-02-27,Standard,Latin America,0
sub_00163,2024-08-28,Premium,Europe,0
sub_00164,2024-08-30,Basic,North America,0
sub_00165,2024-08-21,Premium,Europe,0
sub_00166,2023-11-12,Premium,North America,1
sub_00167,2024-10-30,Premium,APAC,1
sub_00168,2025-02-17,Basic,North America,0
sub_00169,2024-10-20,Basic,APAC,0
sub_00170,2025-05-31,Premium,North America,1
sub_00171,2025-04-02,Basic,North America,0
sub_00172,2025-04-13,Standard,North America,1
sub_00173,2023-12-12,Premium,North America,0
sub_00174,2024-01-16,Basic,North America,1
sub_00175,2024-02-04,Premium,Europe,1
sub_00176,2024-07-21,Premium,North America,0
sub_00177,2024-01-20,Standard,North America,0
sub_00178,2025-02-21,Standard,North America,1
sub_00179,2023-09-11,Premium,North America,0
sub_00180,2024-06-23,Standard,APAC,0
sub_00181,2023-08-15,Standard,Latin America,0
sub_00182,2025-02-27,Premium,North America,0
sub_00183,2024-06-25,Standard,APAC,0
sub_00184,2024-02-04,Basic,APAC,1
sub_00185,2024-06-27,Basic,Latin America,1
sub_00186,2024-08-01,Basic,North America,0
sub_00187,2025-02-17,Standard,North America,0
sub_00188,2024-09-17,Standard,Europe,0
sub_00189,2024-12-28,Standard,APAC,1
sub_00190,2024-11-13,Basic,APAC,0
sub_00191,2024-02-13,Premium,Europe,0
sub_00192,2024-03-22,Premium,North America,1
sub_00193,2024-04-08,Basic,APAC,1
sub_00194,2024-09-30,Standard,APAC,1
sub_00195,2023-07-30,Standard,North America,1
sub_00196,2025-04-15,Standard,Europe,0
sub_00197,2024-10-14,Basic,North America,1
sub_00198,2025-03-24,Premium,Europe,0
sub_00199,2024-10-17,Premium,Europe,1
sub_00200,2023-07-29,Standard,APAC,1
sub_00201,2024-09-27,Premium,Latin America,1
sub_00202,2023-09-05,Premium,Europe,1
sub_00203,2024-06-27,Basic,North America,0
sub_00204,2024-02-02,Standard,North America,1
sub_00205,2024-07-24,Standard,North America,0
sub_00206,2024-12-08,Premium,North America,0
sub_00207,2023-12-17,Basic,North America,0
sub_00208,2023-07-24,Standard,Europe,0
sub_00209,2024-12-10,Premium,North America,0
sub_00210,2023-12-07,Basic,North America,0
sub_00211,2024-12-12,Premium,APAC,0
sub_00212,2024-01-20,Basic,North America,1
sub_00213,2023-11-30,Premium,Europe,1
sub_00214,2024-07-30,Premium,Latin America,1
sub_00215,2024-01-06,Basic,Europe,1
sub_00216,2024-12-04,Premium,North America,1
sub_00217,2025-04-21,Basic,North America,1
sub_00218,2025-04-08,Standard,Europe,1
sub_00219,2024-07-31,Standard,Europe,0
sub_00220,2023-09-09,Premium,North America,1
sub_00221,2025-03-17,Basic,Europe,1
sub_00222,2024-07-25,Basic,Europe,1
sub_00223,2024-01-29,Standard,North America,0
sub_00224,2025-01-23,Standard,Europe,0
sub_00225,2024-01-17,Standard,North America,1
sub_00226,2024-11-09,Basic,North America,0
sub_00227,2023-11-15,Basic,APAC,1
sub_00228,2024-04-28,Premium,North America,1
sub_00229,2024-05-21,Basic,Europe,0
sub_00230,2025-02-10,Basic,North America,1
sub_00231,2024-07-20,Premium,North America,0
sub_00232,2023-10-12,Basic,Latin America,0
sub_00233,2025-06-03,Standard,North America,0
sub_00234,2023-12-21,Basic,North America,0
sub_00235,2024-06-29,Premium,Latin America,0
sub_00236,2024-01-18,Standard,APAC,1
sub_00237,2024-02-28,Premium,Europe,0
sub_00238,2024-08-11,Basic,North America,1
sub_00239,2024-11-07,Standard,North America,1
sub_00240,2024-03-24,Premium,Europe,1
sub_00241,2025-03-08,Basic,North America,0
sub_00242,2024-04-24,Basic,North America,0
sub_00243,2025-04-10,Basic,APAC,1
sub_00244,2024-03-08,Premium,North America,0
sub_00245,2024-03-23,Standard,North America,1
sub_00246,2025-04-17,Standard,North America,1
sub_00247,2023-12-22,Standard,Europe,1
sub_00248,2024-08-23,Standard,Europe,0
sub_00249,2023-12-01,Standard,APAC,1
sub_00250,2025-05-18,Standard,North America,1
sub_00251,2025-02-08,Standard,North America,1
sub_00252,2024-06-28,Basic,Europe,0
sub_00253,2025-02-02,Premium,North America,0
sub_00254,2024-10-23,Premium,Europe,1
sub_00255,2024-03-01,Basic,Latin America,0
sub_00256,2025-03-05,Standard,Europe,0
sub_00257,2024-02-17,Basic,North America,1
sub_00258,2025-04-03,Premium,Latin America,0
sub_00259,2025-02-11,Premium,North America,1
sub_00260,2024-04-22,Premium,Latin America,0
sub_00261,2023-11-26,Basic,Europe,1
sub_00262,2025-02-14,Basic,Europe,0
sub_00263,2024-11-14,Basic,Latin America,0
sub_00264,2023-08-24,Basic,Europe,1
sub_00265,2023-07-09,Basic,Europe,1
sub_00266,2024-04-26,Basic,North America,0
sub_00267,2024-07-31,Premium,Europe,0
sub_00268,2024-10-11,Basic,Europe,1
sub_00269,2024-04-04,Basic,North America,0
sub_00270,2024-04-19,Premium,APAC,0
sub_00271,2024-11-17,Standard,Europe,0
sub_00272,2025-05-31,Premium,North America,1
sub_00273,2025-02-28,Standard,North America,1
sub_00274,2023-07-31,Premium,Europe,1
sub_00275,2024-08-21,Standard,North America,1
sub_00276,2024-07-06,Standard,North America,0
sub_00277,2024-07-17,Standard,Europe,0
sub_00278,2023-12-04,Standard,North America,0
sub_00279,2025-05-01,Basic,North America,0
sub_00280,2025-04-18,Standard,Europe,0
sub_00281,2024-12-01,Basic,North America,0
sub_00282,2024-07-03,Premium,Latin America,1
sub_00283,2024-02-22,Basic,Latin America,1
sub_00284,2024-06-30,Basic,Europe,0
sub_00285,2024-08-05,Basic,Latin America,0
sub_00286,2023-08-15,Premium,APAC,0
sub_00287,2025-02-21,Basic,North America,0
sub_00288,2024-05-03,Standard,APAC,1
sub_00289,2024-05-24,Premium,North America,0
sub_00290,2024-07-12,Basic,Europe,0
sub_00291,2023-11-16,Premium,Europe,1
sub_00292,2024-12-07,Basic,North America,1
sub_00293,2023-08-04,Basic,North America,0
sub_00294,2024-10-22,Standard,Latin America,0
sub_00295,2024-05-22,Premium,North America,0
sub_00296,2024-06-09,Basic,North America,1
sub_00297,2023-10-17,Standard,North America,0
sub_00298,2024-08-06,Basic,Europe,1
sub_00299,2024-11-25,Standard,APAC,1
sub_00300,2025-06-01,Standard,APAC,0
sub_00301,2024-09-29,Standard,Europe,0
sub_00302,2023-11-03,Standard,North America,0
sub_00303,2025-06-09,Basic,North America,0
sub_00304,2023-09-14,Standard,Europe,1
sub_00305,2024-05-24,Standard,APAC,1
sub_00306,2025-03-08,Standard,APAC,0
sub_00307,2024-11-12,Basic,North America,0
sub_00308,2024-05-16,Standard,Europe,1
sub_00309,2024-11-02,Standard,Europe,0
sub_00310,2025-03-31,Basic,Europe,0
sub_00311,2024-02-26,Basic,Europe,0
sub_00312,2024-02-21,Standard,Europe,1
sub_00313,2025-03-23,Standard,Europe,0
sub_00314,2024-11-27,Basic,Latin America,1
sub_00315,2024-12-24,Premium,Europe,1
sub_00316,2024-03-01,Standard,North America,1
sub_00317,2024-01-11,Premium,North America,0
sub_00318,2024-01-13,Standard,Europe,0
sub_00319,2023-08-14,Standard,Europe,0
sub_00320,2023-12-14,Standard,Europe,0
sub_00321,2024-10-30,Premium,APAC,0
sub_00322,2025-03-31,Standard,North America,1
sub_00323,2024-04-02,Standard,Europe,1
sub_00324,2023-08-31,Standard,APAC,0
sub_00325,2023-07-19,Standard,North America,0
sub_00326,2025-01-03,Basic,North America,0
sub_00327,2024-12-29,Standard,North America,1
sub_00328,2025-05-21,Standard,North America,0
sub_00329,2025-03-07,Premium,APAC,0
sub_00330,2024-05-15,Standard,Latin America,0
sub_00331,2024-05-21,Standard,Europe,1
sub_00332,2024-09-24,Premium,North America,0
sub_00333,2024-11-07,Standard,Europe,1
sub_00334,2023-10-31,Basic,APAC,1
sub_00335,2024-07-22,Basic,North America,1
sub_00336,2023-11-16,Basic,APAC,0
sub_00337,2023-07-28,Basic,North America,0
sub_00338,2024-11-01,Standard,North America,1
sub_00339,2025-01-22,Premium,North America,0
sub_00340,2023-08-04,Standard,North America,0
sub_00341,2024-03-19,Basic,APAC,1
sub_00342,2024-11-20,Standard,Europe,1
sub_00343,2024-03-28,Basic,North America,1
sub_00344,2024-06-13,Premium,Europe,1
sub_00345,2023-09-07,Basic,North America,0
sub_00346,2024-12-15,Standard,North America,0
sub_00347,2023-07-08,Basic,North America,1
sub_00348,2023-08-16,Standard,Europe,1
sub_00349,2025-02-07,Standard,North America,0
sub_00350,2025-02-19,Premium,APAC,1
sub_00351,2024-05-31,Basic,North America,0
sub_00352,2025-05-15,Premium,APAC,1
sub_00353,2024-11-15,Standard,APAC,0
sub_00354,2024-08-09,Premium,North America,0
sub_00355,2023-07-23,Premium,North America,0
sub_00356,2023-07-07,Premium,Latin America,0
sub_00357,2025-02-28,Basic,Europe,1
sub_00358,2023-09-17,Basic,Europe,1
sub_00359,2025-04-12,Basic,North America,1
sub_00360,2023-12-28,Basic,North America,1
sub_00361,2023-10-20,Standard,Europe,0
sub_00362,2023-09-18,Premium,APAC,1
sub_00363,2025-01-08,Premium,North America,1
sub_00364,2023-09-16,Standard,APAC,1
sub_00365,2025-03-25,Standard,Europe,0
sub_00366,2024-06-10,Premium,North America,1
sub_00367,2024-07-15,Premium,North America,0
sub_00368,2024-11-02,Basic,North America,0
sub_00369,2025-06-01,Standard,Europe,0
sub_00370,2023-12-12,Premium,Europe,1
sub_00371,2024-10-19,Basic,Europe,0
sub_00372,2024-02-29,Standard,North America,1
sub_00373,2024-08-27,Premium,Europe,0
sub_00374,2024-09-22,Premium,Europe,1
sub_00375,2023-09-21,Premium,Europe,0
sub_00376,2025-04-10,Premium,Europe,0
sub_00377,2024-01-06,Basic,North America,1
sub_00378,2023-12-30,Basic,Europe,0
sub_00379,2024-09-17,Standard,North America,0
sub_00380,2024-12-11,Standard,North America,0
sub_00381,2025-06-13,Standard,North America,0
sub_00382,2023-08-16,Standard,Europe,0
sub_00383,2023-08-08,Standard,Europe,0
sub_00384,2024-12-26,Standard,North America,1
sub_00385,2025-05-25,Basic,APAC,1
sub_00386,2025-03-21,Basic,APAC,0
sub_00387,2025-04-29,Basic,North America,1
sub_00388,2023-10-30,Basic,Europe,1
sub_00389,2023-09-17,Premium,North America,0
sub_00390,2025-02-27,Standard,Latin America,1
sub_00391,2023-12-30,Basic,North America,1
sub_00392,2025-02-08,Premium,North America,0
sub_00393,2024-09-27,Standard,Europe,1
sub_00394,2024-04-13,Basic,North America,0
sub_00395,2024-01-18,Basic,Europe,1
sub_00396,2023-09-29,Basic,Europe,1
sub_00397,2025-05-15,Standard,North America,1
sub_00398,2025-01-27,Basic,Europe,1
sub_00399,2024-11-28,Basic,APAC,0
sub_00400,2024-11-06,Basic,APAC,1
sub_00401,2023-07-03,Standard,Europe,1
sub_00402,2023-12-08,Basic,North America,1
sub_00403,2024-10-30,Premium,North America,0
sub_00404,2023-07-22,Basic,APAC,1
sub_00405,2024-06-24,Standard,APAC,0
sub_00406,2024-06-23,Standard,Europe,1
sub_00407,2024-08-10,Standard,APAC,0
sub_00408,2025-03-05,Basic,North America,1
sub_00409,2023-08-17,Premium,Europe,1
sub_00410,2025-06-07,Premium,North America,0
sub_00411,2025-02-12,Basic,North America,1
sub_00412,2025-01-03,Basic,Europe,1
sub_00413,2024-11-29,Premium,North America,1
sub_00414,2025-03-14,Standard,Latin America,0
sub_00415,2025-06-04,Basic,North America,0
sub_00416,2024-02-17,Basic,APAC,0
sub_00417,2023-07-23,Standard,APAC,0
sub_00418,2025-03-21,Standard,Europe,0
sub_00419,2024-11-16,Standard,Latin America,1
sub_00420,2024-06-19,Premium,North America,1
sub_00421,2023-08-22,Standard,North America,1
sub_00422,2024-02-05,Basic,North America,1
sub_00423,2023-12-16,Standard,North America,0
sub_00424,2024-04-26,Basic,APAC,1
sub_00425,2024-08-22,Basic,Europe,0
sub_00426,2025-01-24,Basic,North America,0
sub_00427,2023-10-07,Basic,North America,0
sub_00428,2023-11-19,Standard,Europe,1
sub_00429,2025-05-30,Basic,APAC,0
sub_00430,2024-01-21,Standard,North America,1
sub_00431,2025-04-17,Standard,APAC,0
sub_00432,2024-01-04,Standard,Europe,1
sub_00433,2023-11-03,Premium,APAC,1
sub_00434,2025-03-15,Premium,North America,1
sub_00435,2024-08-10,Standard,Europe,0
sub_00436,2025-03-20,Basic,North America,0
sub_00437,2024-05-06,Standard,North America,0
sub_00438,2023-08-22,Standard,APAC,0
sub_00439,2025-04-20,Basic,Europe,0
sub_00440,2024-09-05,Basic,North America,0
sub_00441,2023-07-21,Basic,APAC,0
sub_00442,2024-11-13,Standard,North America,1
sub_00443,2025-03-14,Standard,Europe,0
sub_00444,2024-07-02,Basic,Latin America,0
sub_00445,2024-06-18,Premium,Europe,0
sub_00446,2024-02-28,Premium,APAC,1
sub_00447,2024-11-04,Basic,Europe,0
sub_00448,2023-08-02,Premium,APAC,0
sub_00449,2024-06-08,Basic,Europe,1
sub_00450,2024-11-23,Premium,Europe,1
sub_00451,2023-07-30,Premium,North America,0
sub_00452,2023-08-24,Basic,APAC,1
sub_00453,2024-06-24,Premium,North America,1
sub_00454,2025-05-30,Premium,Latin America,1
sub_00455,2024-04-15,Premium,North America,1
sub_00456,2024-05-15,Premium,North America,1
sub_00457,2025-03-02,Standard,APAC,0
sub_00458,2024-03-20,Basic,North America,0
sub_00459,2023-10-23,Premium,North America,0
sub_00460,2025-04-02,Standard,APAC,0
sub_00461,2024-01-16,Standard,North America,0
sub_00462,2025-03-08,Standard,North America,1
sub_00463,2023-12-28,Standard,Europe,1
sub_00464,2024-08-20,Basic,North America,0
sub_00465,2025-06-12,Standard,North America,0
sub_00466,2023-07-26,Basic,North America,0
sub_00467,2025-02-18,Standard,North America,1
sub_00468,2024-04-16,Premium,North America,1
sub_00469,2025-02-07,Standard,North America,1
sub_00470,2023-08-18,Standard,Europe,1
sub_00471,2024-01-05,Basic,Europe,0
sub_00472,2023-11-19,Premium,North America,0
sub_00473,2024-08-11,Standard,North America,1
sub_00474,2024-07-17,Basic,APAC,0
sub_00475,2024-03-19,Basic,Europe,1
sub_00476,2023-12-03,Basic,North America,0
sub_00477,2023-10-19,Standard,Europe,0
sub_00478,2025-06-04,Premium,North America,1
sub_00479,2024-02-27,Standard,APAC,1
sub_00480,2025-03-30,Basic,Latin America,1
sub_00481,2024-11-22,Premium,Latin America,1
sub_00482,2023-11-01,Basic,North America,1
sub_00483,2024-12-19,Premium,North America,0
sub_00484,2023-11-24,Basic,North America,1
sub_00485,2024-07-20,Standard,North America,0
sub_00486,2025-01-01,Premium,North America,1
sub_00487,2024-10-20,Basic,Europe,1
sub_00488,2024-06-01,Standard,North America,0
sub_00489,2023-12-17,Premium,Latin America,1
sub_00490,2024-04-09,Basic,North America,0
sub_00491,2023-08-18,Basic,North America,0
sub_00492,2023-10-04,Standard,APAC,0
sub_00493,2023-12-25,Basic,APAC,1
sub_00494,2024-04-11,Basic,North America,1
sub_00495,2024-11-21,Standard,Europe,1
sub_00496,2024-08-25,Premium,North America,0
sub_00497,2025-03-23,Basic,North America,1
sub_00498,2024-09-22,Basic,Europe,0
sub_00499,2023-08-23,Premium,North America,1
sub_00500,2024-08-16,Standard,Europe,0
sub_00501,2025-03-27,Premium,North America,0
sub_00502,2024-03-07,Standard,Europe,1
sub_00503,2023-07-28,Premium,APAC,0
sub_00504,2023-10-04,Standard,North America,1
sub_00505,2024-12-02,Basic,North America,0
sub_00506,2024-07-27,Premium,Europe,1
sub_00507,2024-06-01,Standard,APAC,0
sub_00508,2024-12-21,Basic,Europe,1
sub_00509,2024-12-06,Basic,APAC,1
sub_00510,2024-12-29,Standard,North America,1
sub_00511,2023-07-05,Basic,North America,0
sub_00512,2023-12-30,Basic,Europe,1
sub_00513,2023-10-23,Basic,North America,0
sub_00514,2023-11-10,Standard,APAC,0
sub_00515,2023-07-31,Standard,North America,0
sub_00516,2025-04-02,Standard,North America,0
sub_00517,2023-09-24,Basic,Europe,1
sub_00518,2025-04-30,Basic,Europe,1
sub_00519,2024-07-11,Standard,Europe,1
sub_00520,2024-04-17,Basic,Europe,1
sub_00521,2024-10-03,Standard,Latin America,1
sub_00522,2025-03-04,Basic,APAC,0
sub_00523,2025-01-30,Basic,APAC,0
sub_00524,2023-11-04,Basic,Europe,0
sub_00525,2024-10-31,Standard,Europe,0
sub_00526,2024-11-06,Basic,Europe,1
sub_00527,2023-08-25,Premium,Europe,0
sub_00528,2025-03-05,Basic,North America,0
sub_00529,2023-08-31,Standard,Europe,1
sub_00530,2023-08-27,Standard,North America,0
sub_00531,2024-04-14,Basic,North America,0
sub_00532,2025-02-18,Standard,APAC,0
sub_00533,2025-02-25,Basic,North America,1
sub_00534,2024-11-25,Standard,Europe,1
sub_00535,2024-04-29,Basic,Europe,0
sub_00536,2025-02-27,Premium,North America,1
sub_00537,2024-07-25,Premium,APAC,1
sub_00538,2025-03-26,Basic,North America,0
sub_00539,2024-05-26,Standard,APAC,0
sub_00540,2025-06-01,Premium,APAC,0
sub_00541,2024-01-26,Basic,North America,0
sub_00542,2025-05-08,Premium,North America,1
sub_00543,2025-01-28,Standard,North America,1
sub_00544,2025-02-11,Premium,North America,0
sub_00545,2023-10-31,Premium,North America,0
sub_00546,2025-05-09,Basic,Latin America,0
sub_00547,2024-08-13,Standard,North America,0
sub_00548,2024-04-19,Standard,APAC,0
sub_00549,2024-06-12,Basic,North America,0
sub_00550,2024-02-15,Basic,Latin America,1
sub_00551,2023-11-19,Premium,North America,1
sub_00552,2024-09-08,Basic,Europe,0
sub_00553,2023-11-01,Standard,Europe,0
sub_00554,2024-11-01,Premium,North America,1
sub_00555,2023-07-13,Basic,APAC,0
sub_00556,2024-06-20,Standard,North America,1
sub_00557,2024-01-07,Premium,Europe,1
sub_00558,2023-09-29,Standard,Europe,1
sub_00559,2023-11-27,Basic,Europe,0
sub_00560,2023-10-16,Basic,North America,1
sub_00561,2024-05-28,Premium,North America,0
sub_00562,2025-05-16,Basic,North America,1
sub_00563,2024-06-28,Standard,North America,0
sub_00564,2025-02-07,Basic,North America,1
sub_00565,2023-09-19,Standard,Latin America,1
sub_00566,2024-12-29,Premium,Europe,0
sub_00567,2025-01-04,Standard,Europe,0
sub_00568,2024-12-20,Premium,North America,0
sub_00569,2024-03-13,Basic,North America,0
sub_00570,2024-05-03,Standard,Europe,0
sub_00571,2023-08-07,Premium,North America,1
sub_00572,2024-08-22,Standard,North America,0
sub_00573,2024-11-26,Basic,Europe,0
sub_00574,2025-05-12,Premium,Europe,0
sub_00575,2025-06-11,Basic,Latin America,0
sub_00576,2024-09-22,Standard,North America,1
sub_00577,2023-08-24,Premium,Europe,0
sub_00578,2024-06-06,Basic,North America,1
sub_00579,2023-09-16,Basic,North America,1
sub_00580,2025-04-05,Basic,APAC,0
sub_00581,2025-04-11,Basic,North America,1
sub_00582,2023-10-29,Basic,Europe,0
sub_00583,2025-04-01,Standard,North America,0
sub_00584,2025-05-10,Basic,North America,0
sub_00585,2024-08-31,Standard,Latin America,1
sub_00586,2023-08-24,Basic,North America,1
sub_00587,2024-02-09,Basic,APAC,0
sub_00588,2025-04-07,Basic,North America,1
sub_00589,2023-10-26,Standard,Latin America,0
sub_00590,2023-10-22,Standard,North America,0
sub_00591,2023-11-21,Basic,North America,1
sub_00592,2023-09-09,Premium,APAC,1
sub_00593,2024-12-27,Standard,North America,1
sub_00594,2023-07-16,Basic,North America,1
sub_00595,2024-10-30,Premium,Latin America,1
sub_00596,2023-11-20,Basic,Europe,0
sub_00597,2024-04-28,Basic,Europe,0
sub_00598,2023-12-06,Standard,Europe,1
sub_00599,2024-03-24,Basic,APAC,0
sub_00600,2024-03-13,Basic,APAC,0
sub_00601,2024-04-01,Standard,Europe,1
sub_00602,2023-12-07,Basic,North America,0
sub_00603,2024-01-04,Premium,North America,0
sub_00604,2025-03-12,Premium,Europe,1
sub_00605,2023-11-03,Standard,APAC,0
sub_00606,2024-05-29,Standard,Europe,1
sub_00607,2024-10-28,Standard,North America,0
sub_00608,2024-06-13,Premium,North America,0
sub_00609,2023-07-25,Basic,Europe,0
sub_00610,2023-10-11,Basic,APAC,0
sub_00611,2023-10-29,Standard,North America,0
sub_00612,2024-07-20,Standard,Europe,1
sub_00613,2023-12-03,Basic,APAC,0
sub_00614,2024-09-14,Standard,Latin America,0
sub_00615,2024-02-11,Basic,North America,0
sub_00616,2024-03-16,Premium,Latin America,1
sub_00617,2024-12-20,Basic,Europe,0
sub_00618,2024-12-08,Basic,APAC,1
sub_00619,2025-05-04,Basic,North America,1
sub_00620,2025-03-08,Basic,Europe,0
sub_00621,2024-08-10,Basic,Europe,0
sub_00622,2024-07-09,Basic,North America,1
sub_00623,2025-02-18,Basic,Europe,0
sub_00624,2024-08-22,Basic,Europe,0
sub_00625,2024-04-10,Basic,Europe,1
sub_00626,2025-01-01,Basic,North America,0
sub_00627,2024-10-17,Basic,Europe,0
sub_00628,2024-09-26,Basic,North America,1
sub_00629,2024-06-20,Basic,Latin America,1
sub_00630,2024-09-27,Basic,Latin America,1
sub_00631,2024-01-06,Basic,North America,0
sub_00632,2024-10-25,Premium,North America,1
sub_00633,2024-08-10,Premium,North America,0
sub_00634,2024-09-18,Premium,Europe,1
sub_00635,2025-02-06,Standard,APAC,1
sub_00636,2024-02-12,Standard,Europe,1
sub_00637,2024-12-30,Basic,North America,0
sub_00638,2024-11-16,Premium,North America,1
sub_00639,2023-11-27,Premium,North America,0
sub_00640,2023-08-07,Premium,APAC,1
sub_00641,2024-02-22,Premium,Europe,0
sub_00642,2023-08-30,Standard,Europe,1
sub_00643,2023-10-14,Premium,North America,0
sub_00644,2024-07-07,Premium,Latin America,0
sub_00645,2023-12-13,Basic,North America,0
sub_00646,2024-10-24,Premium,APAC,1
sub_00647,2024-07-22,Basic,APAC,0
sub_00648,2024-05-29,Premium,Europe,0
sub_00649,2023-07-30,Premium,APAC,0
sub_00650,2023-10-18,Basic,North America,0
sub_00651,2024-07-01,Standard,Europe,0
sub_00652,2024-03-06,Basic,North America,0
sub_00653,2025-01-23,Premium,Europe,1
sub_00654,2023-11-19,Premium,North America,1
sub_00655,2024-05-17,Standard,North America,1
sub_00656,2024-05-31,Premium,North America,1
sub_00657,2023-12-16,Basic,North America,0
sub_00658,2024-03-20,Basic,Europe,1
sub_00659,2025-04-26,Standard,Europe,1
sub_00660,2024-11-22,Basic,North America,0
sub_00661,2025-02-10,Standard,Latin America,0
sub_00662,2024-01-07,Basic,Latin America,0
sub_00663,2025-05-22,Basic,North America,0
sub_00664,2025-01-23,Standard,North America,1
sub_00665,2024-04-15,Premium,Europe,0
sub_00666,2024-02-05,Basic,APAC,1
sub_00667,2024-06-21,Premium,North America,1
sub_00668,2023-10-09,Standard,APAC,1
sub_00669,2023-08-29,Basic,North America,0
sub_00670,2025-03-14,Standard,North America,0
sub_00671,2023-08-05,Standard,APAC,1
sub_00672,2024-04-03,Basic,Europe,0
sub_00673,2024-03-18,Standard,APAC,1
sub_00674,2025-04-09,Basic,North America,0
sub_00675,2024-03-28,Basic,North America,0
sub_00676,2024-01-14,Standard,North America,0
sub_00677,2024-04-27,Standard,North America,0
sub_00678,2025-04-17,Premium,North America,1
sub_00679,2024-06-07,Basic,Europe,1
sub_00680,2023-08-16,Premium,Europe,0
sub_00681,2024-01-16,Premium,Europe,0
sub_00682,2025-03-10,Premium,North America,1
sub_00683,2023-07-30,Premium,North America,0
sub_00684,2023-07-31,Basic,Europe,0
sub_00685,2025-02-15,Standard,North America,0
sub_00686,2023-11-21,Basic,APAC,1
sub_00687,2024-08-29,Premium,North America,0
sub_00688,2024-04-17,Standard,Europe,0
sub_00689,2024-08-02,Basic,APAC,0
sub_00690,2023-12-04,Premium,Europe,1
sub_00691,2023-07-04,Basic,Europe,0
sub_00692,2023-11-25,Standard,Europe,1
sub_00693,2023-08-20,Standard,North America,0
sub_00694,2023-08-09,Basic,Europe,0
sub_00695,2025-04-13,Standard,APAC,0
sub_00696,2024-12-17,Premium,Latin America,1
sub_00697,2024-01-17,Basic,Europe,0
sub_00698,2024-04-20,Standard,North America,1
sub_00699,2025-05-12,Basic,APAC,1
sub_00700,2025-04-09,Standard,Europe,0
sub_00701,2024-06-09,Basic,North America,0
sub_00702,2024-04-01,Premium,North America,0
sub_00703,2025-02-16,Premium,North America,0
sub_00704,2025-02-14,Basic,Europe,1
sub_00705,2025-03-16,Basic,North America,1
sub_00706,2024-05-08,Standard,North America,0
sub_00707,2025-06-11,Standard,North America,1
sub_00708,2024-05-03,Standard,Latin America,1
sub_00709,2024-07-11,Basic,North America,1
sub_00710,2024-07-18,Basic,North America,1
sub_00711,2024-02-16,Premium,Europe,0
sub_00712,2024-06-07,Standard,North America,1
sub_00713,2024-01-12,Premium,Latin America,1
sub_00714,2023-12-18,Standard,Latin America,1
sub_00715,2023-08-28,Premium,North America,0
sub_00716,2023-11-22,Basic,Europe,1
sub_00717,2024-06-11,Basic,North America,0
sub_00718,2024-06-29,Premium,North America,1
sub_00719,2024-12-30,Premium,North America,0
sub_00720,2024-04-13,Basic,North America,1
sub_00721,2025-03-09,Basic,North America,0
sub_00722,2023-08-20,Standard,Europe,1
sub_00723,2023-10-20,Standard,North America,0
sub_00724,2025-03-23,Basic,North America,0
sub_00725,2023-12-02,Premium,Europe,1
sub_00726,2025-03-25,Basic,Europe,1
sub_00727,2024-01-17,Standard,North America,1
sub_00728,2025-04-15,Basic,North America,1
sub_00729,2024-07-02,Basic,North America,1
sub_00730,2024-03-02,Standard,North America,1
sub_00731,2024-01-12,Basic,APAC,1
sub_00732,2024-08-21,Standard,Latin America,0
sub_00733,2023-08-27,Basic,North America,0
sub_00734,2023-12-10,Premium,North America,1
sub_00735,2025-01-18,Standard,APAC,1
sub_00736,2024-02-22,Premium,Europe,1
sub_00737,2024-01-10,Basic,North America,0
sub_00738,2024-10-21,Basic,North America,0
sub_00739,2024-01-05,Basic,Europe,1
sub_00740,2023-09-12,Standard,Europe,0
sub_00741,2023-11-09,Basic,North America,0
sub_00742,2023-12-19,Basic,North America,1
sub_00743,2024-03-19,Basic,North America,0
sub_00744,2024-12-05,Basic,North America,0
sub_00745,2023-11-25,Basic,Europe,0
sub_00746,2024-09-29,Basic,Europe,0
sub_00747,2024-05-31,Basic,Europe,0
sub_00748,2024-11-03,Standard,North America,1
sub_00749,2024-11-04,Basic,North America,0
sub_00750,2025-02-24,Basic,APAC,1
sub_00751,2023-07-29,Standard,Europe,1
sub_00752,2025-03-03,Premium,North America,0
sub_00753,2025-04-16,Basic,North America,1
sub_00754,2023-08-16,Standard,APAC,1
sub_00755,2024-05-15,Premium,APAC,0
sub_00756,2024-08-07,Standard,APAC,0
sub_00757,2024-01-05,Premium,Europe,0
sub_00758,2024-09-15,Premium,Europe,0
sub_00759,2025-03-17,Basic,Europe,1
sub_00760,2024-01-11,Standard,North America,0
sub_00761,2025-02-10,Standard,Europe,1
sub_00762,2024-05-17,Premium,Europe,0
sub_00763,2023-08-07,Standard,North America,0
sub_00764,2023-08-16,Basic,APAC,1
sub_00765,2024-10-01,Standard,North America,1
sub_00766,2023-12-06,Basic,North America,0
sub_00767,2024-04-04,Premium,North America,1
sub_00768,2024-07-08,Standard,APAC,0
sub_00769,2025-03-08,Standard,Latin America,1
sub_00770,2024-09-20,Premium,Europe,1
sub_00771,2024-03-07,Standard,Latin America,1
sub_00772,2023-07-11,Standard,APAC,1
sub_00773,2025-06-13,Premium,APAC,1
sub_00774,2024-01-20,Premium,APAC,0
sub_00775,2023-10-20,Premium,North America,1
sub_00776,2023-08-05,Basic,APAC,1
sub_00777,2024-08-17,Standard,Europe,1
sub_00778,2025-03-24,Basic,APAC,0
sub_00779,2024-12-04,Premium,North America,1
sub_00780,2023-10-17,Standard,APAC,0
sub_00781,2023-09-27,Standard,Latin America,1
sub_00782,2024-03-17,Basic,North America,0
sub_00783,2025-03-21,Basic,Latin America,1
sub_00784,2025-03-21,Standard,North America,0
sub_00785,2024-07-09,Basic,North America,1
sub_00786,2024-04-21,Basic,North America,0
sub_00787,2025-05-24,Premium,APAC,1
sub_00788,2024-02-11,Premium,Europe,1
sub_00789,2024-05-23,Basic,North America,1
sub_00790,2025-06-08,Basic,Europe,1
sub_00791,2025-04-09,Premium,North America,1
sub_00792,2024-07-26,Standard,Europe,0
sub_00793,2024-01-16,Standard,APAC,0
sub_00794,2023-11-04,Basic,Europe,1
sub_00795,2024-08-12,Basic,APAC,1
sub_00796,2024-11-17,Basic,Europe,0
sub_00797,2023-07-24,Standard,Latin America,0
sub_00798,2024-07-23,Basic,North America,1
sub_00799,2024-11-03,Basic,North America,0
sub_00800,2024-08-04,Standard,North America,1
sub_00801,2025-06-08,Premium,Europe,1
sub_00802,2024-11-12,Premium,Europe,0
sub_00803,2024-06-12,Standard,APAC,1
sub_00804,2023-08-29,Standard,North America,1
sub_00805,2024-01-05,Standard,North America,0
sub_00806,2023-12-05,Basic,Europe,0
sub_00807,2024-05-22,Standard,Latin America,0
sub_00808,2025-03-29,Standard,North America,0
sub_00809,2024-09-10,Standard,North America,0
sub_00810,2023-07-04,Premium,North America,0
sub_00811,2025-05-16,Premium,Europe,1
sub_00812,2023-09-26,Basic,North America,0
sub_00813,2024-02-12,Basic,North America,1
sub_00814,2024-11-25,Basic,Europe,1
sub_00815,2023-12-07,Basic,North America,0
sub_00816,2023-10-26,Basic,North America,1
sub_00817,2025-05-17,Basic,North America,1
sub_00818,2025-04-01,Premium,Latin America,1
sub_00819,2024-02-26,Standard,North America,1
sub_00820,2023-07-02,Premium,North America,0
sub_00821,2025-05-30,Basic,North America,0
sub_00822,2024-02-26,Basic,Europe,0
sub_00823,2025-03-11,Standard,APAC,0
sub_00824,2024-03-08,Basic,North America,1
sub_00825,2024-03-27,Basic,North America,1
sub_00826,2025-04-13,Premium,North America,0
sub_00827,2024-02-15,Basic,Europe,1
sub_00828,2023-09-13,Basic,Latin America,0
sub_00829,2023-10-07,Standard,Europe,1
sub_00830,2025-05-27,Standard,North America,1
sub_00831,2024-12-22,Standard,APAC,0
sub_00832,2024-12-26,Basic,APAC,1
sub_00833,2024-07-27,Premium,North America,1
sub_00834,2025-03-06,Basic,North America,0
sub_00835,2023-10-14,Standard,North America,1
sub_00836,2023-12-08,Standard,APAC,0
sub_00837,2023-11-16,Premium,Europe,0
sub_00838,2025-01-26,Basic,Europe,0
sub_00839,2025-06-06,Standard,APAC,0
sub_00840,2023-09-03,Basic,North America,1
sub_00841,2024-11-22,Basic,North America,0
sub_00842,2024-03-04,Basic,North America,0
sub_00843,2023-09-04,Standard,APAC,1
sub_00844,2025-05-22,Basic,Europe,1
sub_00845,2025-06-13,Standard,North America,1
sub_00846,2025-06-13,Basic,North America,0
sub_00847,2025-02-25,Premium,APAC,1
sub_00848,2025-05-11,Premium,APAC,0
sub_00849,2023-11-07,Basic,Europe,0
sub_00850,2024-04-09,Basic,North America,0
sub_00851,2023-07-16,Basic,Latin America,0
sub_00852,2023-11-21,Premium,APAC,0
sub_00853,2023-07-28,Basic,Europe,0
sub_00854,2024-12-28,Standard,Europe,0
sub_00855,2024-11-22,Standard,Latin America,0
sub_00856,2023-10-17,Premium,Latin America,1
sub_00857,2024-12-23,Standard,Europe,1
sub_00858,2025-05-07,Standard,North America,0
sub_00859,2024-02-23,Premium,North America,1
sub_00860,2023-11-21,Basic,APAC,0
sub_00861,2023-07-24,Premium,Europe,0
sub_00862,2023-08-22,Basic,North America,1
sub_00863,2025-03-22,Standard,North America,0
sub_00864,2023-12-12,Premium,Latin America,1
sub_00865,2023-10-20,Standard,APAC,1
sub_00866,2024-02-03,Standard,Latin America,0
sub_00867,2023-11-08,Basic,Europe,1
sub_00868,2023-10-26,Standard,APAC,0
sub_00869,2024-08-01,Basic,APAC,1
sub_00870,2025-05-19,Standard,North America,1
sub_00871,2024-07-25,Standard,North America,0
sub_00872,2025-01-23,Basic,Latin America,0
sub_00873,2025-03-27,Basic,North America,1
sub_00874,2025-03-19,Basic,Europe,1
sub_00875,2024-02-03,Basic,Europe,0
sub_00876,2024-06-20,Basic,Europe,1
sub_00877,2024-05-26,Premium,North America,0
sub_00878,2023-12-31,Standard,APAC,1
sub_00879,2024-05-20,Basic,North America,0
sub_00880,2024-03-22,Standard,APAC,1
sub_00881,2025-04-16,Premium,North America,0
sub_00882,2023-10-16,Basic,Europe,0
sub_00883,2024-07-30,Basic,APAC,0
sub_00884,2025-02-25,Basic,North America,0
sub_00885,2023-11-12,Basic,North America,0
sub_00886,2024-01-08,Premium,APAC,0
sub_00887,2025-05-10,Premium,North America,0
sub_00888,2025-01-29,Basic,North America,1
sub_00889,2025-06-05,Standard,Europe,1
sub_00890,2024-12-05,Basic,Latin America,1
sub_00891,2025-04-06,Standard,Europe,0
sub_00892,2024-01-25,Premium,North America,0
sub_00893,2024-06-07,Basic,Latin America,0
sub_00894,2023-07-16,Basic,Europe,0
sub_00895,2023-12-28,Standard,Europe,0
sub_00896,2024-04-05,Premium,North America,0
sub_00897,2024-06-17,Basic,North America,1
sub_00898,2025-05-08,Basic,North America,0
sub_00899,2025-04-27,Basic,Europe,1
sub_00900,2024-04-01,Standard,North America,1
sub_00901,2025-06-13,Standard,Europe,0
sub_00902,2025-05-17,Premium,North America,0
sub_00903,2025-01-11,Premium,North America,0
sub_00904,2023-09-22,Premium,North America,0
sub_00905,2024-07-23,Premium,Europe,0
sub_00906,2024-01-25,Basic,APAC,0
sub_00907,2024-08-26,Standard,North America,1
sub_00908,2025-02-13,Basic,North America,0
sub_00909,2024-09-24,Basic,North America,0
sub_00910,2025-04-12,Premium,APAC,1
sub_00911,2023-12-13,Standard,North America,1
sub_00912,2025-02-05,Premium,APAC,0
sub_00913,2024-09-20,Standard,North America,1
sub_00914,2023-07-16,Standard,North America,1
sub_00915,2024-04-19,Standard,APAC,0
sub_00916,2024-07-23,Basic,Europe,0
sub_00917,2024-05-24,Basic,North America,1
sub_00918,2023-12-03,Standard,Latin America,1
sub_00919,2024-12-16,Basic,North America,1
sub_00920,2024-03-18,Premium,North America,0
sub_00921,2023-10-01,Basic,North America,0
sub_00922,2024-05-03,Basic,Europe,0
sub_00923,2024-08-01,Premium,APAC,0
sub_00924,2025-03-05,Basic,North America,0
sub_00925,2024-12-21,Premium,Latin America,1
sub_00926,2023-08-09,Standard,Europe,0
sub_00927,2024-05-25,Basic,Latin America,0
sub_00928,2024-11-13,Standard,APAC,0
sub_00929,2024-08-21,Standard,Latin America,0
sub_00930,2024-04-29,Premium,Europe,1
sub_00931,2024-05-28,Premium,North America,1
sub_00932,2024-02-01,Standard,Europe,0
sub_00933,2024-12-14,Standard,Europe,1
sub_00934,2024-03-09,Basic,Europe,0
sub_00935,2024-08-04,Standard,APAC,1
sub_00936,2023-08-13,Premium,North America,1
sub_00937,2025-02-23,Standard,APAC,1
sub_00938,2025-03-02,Standard,North America,0
sub_00939,2024-07-21,Standard,Latin America,0
sub_00940,2024-06-18,Premium,North America,1
sub_00941,2024-02-08,Premium,North America,1
sub_00942,2024-08-31,Basic,APAC,1
sub_00943,2023-09-01,Basic,APAC,0
sub_00944,2024-07-12,Standard,APAC,0
sub_00945,2025-03-16,Standard,Latin America,1
sub_00946,2025-03-23,Standard,North America,0
sub_00947,2023-07-21,Basic,APAC,1
sub_00948,2025-03-12,Standard,North America,1
sub_00949,2023-08-08,Standard,Europe,0
sub_00950,2024-11-29,Standard,Europe,0
sub_00951,2025-04-11,Standard,North America,1
sub_00952,2024-11-10,Standard,Europe,0
sub_00953,2024-04-02,Standard,APAC,0
sub_00954,2024-08-14,Premium,North America,1
sub_00955,2023-12-02,Standard,Latin America,0
sub_00956,2024-04-05,Standard,Europe,1
sub_00957,2024-09-03,Standard,North America,1
sub_00958,2024-03-19,Basic,Europe,1
sub_00959,2023-07-22,Basic,North America,0
sub_00960,2024-08-26,Standard,North America,0
sub_00961,2025-02-27,Premium,Europe,1
sub_00962,2024-08-28,Standard,North America,1
sub_00963,2023-10-24,Basic,North America,1
sub_00964,2025-01-12,Standard,APAC,1
sub_00965,2023-08-07,Basic,North America,0
sub_00966,2024-04-21,Standard,APAC,1
sub_00967,2024-04-12,Premium,APAC,0
sub_00968,2024-11-01,Standard,North America,1
sub_00969,2023-08-27,Standard,Europe,0
sub_00970,2025-05-22,Basic,North America,0
sub_00971,2024-11-15,Standard,Europe,1
sub_00972,2024-08-21,Premium,North America,1
sub_00973,2024-07-10,Standard,Latin America,1
sub_00974,2024-07-12,Standard,North America,1
sub_00975,2025-03-03,Basic,Europe,1
sub_00976,2025-01-06,Basic,North America,0
sub_00977,2025-04-09,Basic,North America,1
sub_00978,2024-05-03,Basic,Europe,1
sub_00979,2024-10-08,Basic,Europe,0
sub_00980,2024-05-07,Premium,Latin America,1
sub_00981,2024-04-20,Standard,North America,0
sub_00982,2024-01-31,Basic,North America,0
sub_00983,2024-05-21,Basic,North America,0
sub_00984,2024-03-10,Basic,North America,1
sub_00985,2024-04-22,Premium,APAC,0
sub_00986,2024-03-06,Basic,Latin America,1
sub_00987,2024-04-01,Premium,APAC,0
sub_00988,2024-11-02,Premium,North America,0
sub_00989,2024-12-22,Basic,North America,1
sub_00990,2023-12-01,Standard,APAC,1
sub_00991,2024-10-14,Premium,North America,1
sub_00992,2024-05-19,Standard,Europe,0
sub_00993,2025-01-26,Basic,North America,0
sub_00994,2024-08-12,Premium,North America,0
sub_00995,2024-06-02,Premium,APAC,1
sub_00996,2024-03-25,Standard,North America,1
sub_00997,2024-06-05,Standard,Latin America,1
sub_00998,2024-10-01,Basic,North America,0
sub_00999,2023-07-29,Premium,North America,0
sub_01000,2024-06-14,Standard,North America,1
sub_01001,2023-11-16,Basic,North America,0
sub_01002,2024-01-06,Standard,Europe,0
sub_01003,2024-05-13,Premium,North America,1
sub_01004,2023-09-21,Premium,Europe,0
sub_01005,2025-03-17,Basic,APAC,0
sub_01006,2023-08-27,Basic,North America,1
sub_01007,2023-10-17,Premium,North America,1
sub_01008,2024-06-21,Premium,North America,0
sub_01009,2024-01-08,Standard,APAC,0
sub_01010,2024-06-09,Standard,Europe,1
sub_01011,2024-12-06,Standard,North America,1
sub_01012,2023-11-22,Standard,Europe,0
sub_01013,2024-12-22,Basic,Europe,1
sub_01014,2024-11-03,Basic,North America,1
sub_01015,2024-06-10,Basic,North America,1
sub_01016,2023-10-26,Premium,Latin America,1
sub_01017,2024-09-15,Basic,North America,0
sub_01018,2024-06-28,Basic,North America,1
sub_01019,2025-05-18,Standard,North America,0
sub_01020,2025-03-26,Basic,Europe,0
sub_01021,2025-05-07,Basic,Europe,1
sub_01022,2025-04-26,Standard,North America,1
sub_01023,2023-10-04,Basic,Europe,0
sub_01024,2023-10-23,Standard,Europe,0
sub_01025,2023-11-06,Premium,North America,0
sub_01026,2025-05-08,Basic,Latin America,0
sub_01027,2025-04-22,Premium,North America,0
sub_01028,2024-11-28,Premium,North America,0
sub_01029,2024-05-08,Premium,Latin America,0
sub_01030,2024-10-20,Standard,APAC,0
sub_01031,2024-07-02,Standard,North America,1
sub_01032,2025-02-13,Standard,APAC,0
sub_01033,2024-01-10,Standard,Europe,1
sub_01034,2024-11-04,Basic,North America,0
sub_01035,2025-04-30,Premium,APAC,0
sub_01036,2024-01-02,Standard,APAC,0
sub_01037,2023-09-09,Premium,North America,1
sub_01038,2025-06-06,Basic,Europe,1
sub_01039,2024-08-08,Basic,North America,0
sub_01040,2023-11-02,Standard,North America,0
sub_01041,2024-01-28,Standard,Latin America,1
sub_01042,2023-10-12,Standard,Europe,0
sub_01043,2024-08-23,Basic,Europe,1
sub_01044,2024-09-23,Basic,Europe,1
sub_01045,2024-01-26,Standard,Europe,1
sub_01046,2025-02-27,Basic,North America,1
sub_01047,2024-12-27,Premium,Latin America,0
sub_01048,2024-04-12,Basic,Europe,0
sub_01049,2024-02-24,Basic,Europe,0
sub_01050,2025-03-23,Basic,Europe,0
sub_01051,2024-06-18,Standard,North America,1
sub_01052,2024-09-28,Standard,North America,0
sub_01053,2024-06-22,Standard,North America,0
sub_01054,2023-07-31,Premium,North America,1
sub_01055,2025-04-23,Basic,Europe,0
sub_01056,2023-07-05,Standard,APAC,1
sub_01057,2024-07-30,Basic,North America,0
sub_01058,2023-12-12,Basic,North America,1
sub_01059,2024-08-17,Standard,Europe,0
sub_01060,2024-11-06,Basic,North America,0
sub_01061,2023-12-13,Standard,Latin America,1
sub_01062,2024-02-10,Standard,North America,0
sub_01063,2025-03-05,Standard,North America,1
sub_01064,2024-01-28,Standard,North America,1
sub_01065,2023-12-25,Standard,Latin America,0
sub_01066,2024-09-12,Basic,North America,1
sub_01067,2023-08-24,Basic,Europe,0
sub_01068,2024-03-15,Basic,North America,1
sub_01069,2024-10-21,Standard,North America,0
sub_01070,2025-06-09,Premium,APAC,0
sub_01071,2024-02-19,Basic,North America,1
sub_01072,2025-01-18,Standard,North America,1
sub_01073,2023-12-23,Premium,Europe,0
sub_01074,2024-06-06,Premium,APAC,1
sub_01075,2024-07-17,Standard,North America,1
sub_01076,2025-02-19,Standard,North America,1
sub_01077,2024-01-24,Standard,Latin America,0
sub_01078,2025-02-18,Premium,Europe,0
sub_01079,2024-08-21,Basic,APAC,0
sub_01080,2023-10-27,Premium,APAC,1
sub_01081,2023-08-28,Basic,Europe,1
sub_01082,2023-07-09,Premium,North America,1
sub_01083,2023-08-01,Basic,North America,1
sub_01084,2024-05-14,Basic,APAC,1
sub_01085,2025-01-24,Basic,APAC,0
sub_01086,2023-10-25,Standard,Latin America,1
sub_01087,2023-11-21,Basic,Europe,0
sub_01088,2023-07-08,Basic,North America,0
sub_01089,2024-03-07,Standard,Europe,1
sub_01090,2025-03-07,Standard,Europe,0
sub_01091,2024-06-21,Premium,Europe,1
sub_01092,2024-07-31,Premium,APAC,0
sub_01093,2023-10-22,Standard,Europe,1
sub_01094,2024-09-08,Basic,North America,0
sub_01095,2024-10-24,Basic,Europe,1
sub_01096,2025-04-20,Premium,Europe,1
sub_01097,2023-10-27,Basic,Latin America,0
sub_01098,2023-12-24,Standard,North America,0
sub_01099,2025-05-18,Premium,Europe,0
sub_01100,2024-08-10,Premium,Europe,0
sub_01101,2024-07-08,Standard,Europe,1
sub_01102,2024-07-15,Standard,North America,0
sub_01103,2023-08-29,Standard,APAC,1
sub_01104,2025-03-01,Premium,Latin America,0
sub_01105,2024-11-09,Basic,Europe,1
sub_01106,2025-02-07,Basic,Europe,1
sub_01107,2024-12-24,Standard,North America,0
sub_01108,2023-09-06,Basic,Europe,1
sub_01109,2023-08-13,Standard,Europe,1
sub_01110,2025-05-16,Basic,APAC,1
sub_01111,2024-03-21,Premium,North America,0
sub_01112,2025-01-01,Premium,APAC,1
sub_01113,2025-01-30,Standard,North America,0
sub_01114,2024-11-19,Premium,Europe,0
sub_01115,2025-01-28,Basic,Europe,0
sub_01116,2024-07-01,Standard,North America,0
sub_01117,2023-07-05,Basic,Europe,0
sub_01118,2024-04-23,Premium,APAC,0
sub_01119,2024-01-16,Premium,Europe,1
sub_01120,2024-06-28,Premium,North America,1
sub_01121,2025-06-07,Premium,Europe,0
sub_01122,2025-04-17,Premium,North America,0
sub_01123,2024-12-06,Basic,Europe,0
sub_01124,2024-12-24,Premium,Europe,0
sub_01125,2023-10-24,Standard,North America,0
sub_01126,2023-10-21,Standard,Europe,1
sub_01127,2023-10-14,Standard,APAC,1
sub_01128,2024-03-17,Basic,APAC,0
sub_01129,2024-05-14,Basic,North America,1
sub_01130,2024-03-09,Basic,North America,1
sub_01131,2024-08-29,Basic,Europe,1
sub_01132,2024-02-23,Standard,North America,0
sub_01133,2023-11-26,Premium,Europe,1
sub_01134,2023-12-18,Standard,North America,0
sub_01135,2024-04-03,Standard,North America,0
sub_01136,2025-05-06,Standard,Europe,0
sub_01137,2024-01-14,Standard,North America,1
sub_01138,2024-09-27,Basic,APAC,1
sub_01139,2024-01-01,Premium,North America,0
sub_01140,2024-05-26,Basic,Europe,0
sub_01141,2023-09-25,Standard,North America,1
sub_01142,2024-10-17,Premium,APAC,0
sub_01143,2023-08-20,Standard,APAC,0
sub_01144,2023-10-21,Premium,North America,0
sub_01145,2024-10-22,Basic,Europe,0
sub_01146,2024-07-06,Premium,North America,0
sub_01147,2024-06-01,Standard,Europe,1
sub_01148,2023-12-14,Premium,North America,1
sub_01149,2024-02-09,Standard,Europe,1
sub_01150,2023-10-15,Premium,North America,0
sub_01151,2024-09-25,Premium,APAC,0
sub_01152,2024-06-20,Standard,Europe,1
sub_01153,2024-08-12,Premium,Europe,1
sub_01154,2023-09-04,Standard,North America,1
sub_01155,2024-11-10,Standard,North America,0
sub_01156,2024-04-22,Premium,North America,0
sub_01157,2025-03-22,Basic,Latin America,0
sub_01158,2023-10-17,Standard,APAC,0
sub_01159,2024-09-14,Basic,North America,1
sub_01160,2024-10-16,Basic,APAC,1
sub_01161,2024-04-25,Premium,North America,0
sub_01162,2024-06-24,Basic,North America,0
sub_01163,2023-10-18,Basic,Europe,1
sub_01164,2024-06-01,Basic,North America,0
sub_01165,2024-06-11,Standard,North America,1
sub_01166,2025-04-02,Premium,Europe,1
sub_01167,2025-06-01,Premium,North America,0
sub_01168,2024-09-04,Basic,APAC,0
sub_01169,2023-07-03,Standard,Europe,0
sub_01170,2023-08-30,Standard,APAC,0
sub_01171,2024-03-23,Standard,Europe,0
sub_01172,2024-03-22,Standard,APAC,0
sub_01173,2024-09-09,Basic,North America,0
sub_01174,2025-02-09,Standard,Europe,0
sub_01175,2025-06-10,Standard,Europe,0
sub_01176,2024-10-17,Standard,Latin America,1
sub_01177,2024-11-02,Standard,North America,0
sub_01178,2025-01-30,Premium,Europe,0
sub_01179,2024-12-13,Standard,APAC,0
sub_01180,2025-05-30,Basic,North America,0
sub_01181,2024-04-07,Premium,APAC,1
sub_01182,2023-08-22,Premium,North America,1
sub_01183,2024-02-08,Basic,North America,0
sub_01184,2024-07-31,Standard,Europe,0
sub_01185,2024-08-20,Basic,Europe,1
sub_01186,2024-11-08,Standard,North America,1
sub_01187,2025-03-07,Basic,North America,0
sub_01188,2024-04-14,Standard,North America,1
sub_01189,2024-05-07,Basic,APAC,0
sub_01190,2025-06-11,Standard,APAC,0
sub_01191,2024-08-23,Premium,Europe,1
sub_01192,2024-11-29,Basic,North America,1
sub_01193,2025-02-15,Premium,Europe,1
sub_01194,2024-01-30,Premium,APAC,0
sub_01195,2024-06-05,Premium,APAC,0
sub_01196,2024-03-20,Basic,North America,0
sub_01197,2024-01-23,Premium,North America,0
sub_01198,2023-07-15,Basic,Latin America,0
sub_01199,2023-11-20,Basic,APAC,0
sub_01200,2024-03-29,Premium,North America,0
sub_01201,2023-09-26,Standard,APAC,1
sub_01202,2024-07-10,Standard,North America,1
sub_01203,2023-07-12,Basic,North America,0
sub_01204,2023-12-19,Premium,APAC,1
sub_01205,2024-03-07,Standard,Europe,0
sub_01206,2023-09-09,Standard,North America,1
sub_01207,2024-06-13,Premium,Latin America,1
sub_01208,2024-01-17,Basic,APAC,1
sub_01209,2024-11-25,Basic,North America,0
sub_01210,2023-07-28,Standard,Europe,1
sub_01211,2024-03-27,Premium,APAC,0
sub_01212,2023-12-05,Basic,Europe,0
sub_01213,2024-07-22,Basic,Latin America,0
sub_01214,2023-10-05,Basic,Europe,0
sub_01215,2025-04-24,Premium,North America,1
sub_01216,2025-03-27,Basic,North America,0
sub_01217,2024-06-18,Standard,APAC,0
sub_01218,2024-01-09,Premium,Latin America,0
sub_01219,2023-11-15,Basic,North America,1
sub_01220,2024-08-05,Standard,North America,1
sub_01221,2024-03-08,Standard,APAC,0
sub_01222,2024-05-16,Premium,North America,0
sub_01223,2023-07-29,Basic,North America,0
sub_01224,2024-03-05,Standard,APAC,0
sub_01225,2024-08-22,Basic,APAC,0
sub_01226,2023-07-23,Standard,APAC,0
sub_01227,2025-04-01,Premium,Europe,0
sub_01228,2023-07-13,Basic,North America,0
sub_01229,2025-02-26,Basic,Latin America,0
sub_01230,2024-11-22,Premium,North America,1
sub_01231,2023-11-06,Basic,North America,0
sub_01232,2024-01-08,Basic,APAC,1
sub_01233,2023-07-23,Standard,Europe,1
sub_01234,2023-12-28,Basic,APAC,1
sub_01235,2024-03-17,Basic,North America,0
sub_01236,2024-10-11,Standard,Latin America,0
sub_01237,2025-06-13,Basic,Europe,1
sub_01238,2025-03-20,Standard,Europe,0
sub_01239,2024-11-15,Standard,Latin America,1
sub_01240,2025-05-18,Standard,North America,0
sub_01241,2024-06-18,Basic,APAC,0
sub_01242,2023-12-08,Premium,Europe,1
sub_01243,2023-07-28,Basic,APAC,0
sub_01244,2024-07-01,Premium,APAC,1
sub_01245,2023-09-29,Basic,Europe,0
sub_01246,2023-07-12,Premium,North America,0
sub_01247,2023-10-10,Basic,North America,1
sub_01248,2024-07-19,Basic,Latin America,0
sub_01249,2024-10-27,Standard,Latin America,0
sub_01250,2023-07-17,Basic,Latin America,1
sub_01251,2024-12-25,Basic,North America,0
sub_01252,2024-08-26,Standard,North America,0
sub_01253,2025-04-24,Premium,APAC,0
sub_01254,2023-11-26,Basic,APAC,0
sub_01255,2024-03-08,Premium,North America,0
sub_01256,2025-04-17,Premium,Europe,1
sub_01257,2025-01-09,Premium,North America,0
sub_01258,2024-05-15,Standard,Europe,1
sub_01259,2024-05-26,Standard,North America,1
sub_01260,2023-11-20,Standard,North America,1
sub_01261,2024-12-08,Standard,North America,0
sub_01262,2023-08-24,Premium,Latin America,1
sub_01263,2024-08-02,Basic,APAC,0
sub_01264,2023-11-06,Basic,Latin America,0
sub_01265,2024-12-28,Basic,Europe,1
sub_01266,2025-05-21,Premium,North America,1
sub_01267,2025-05-08,Standard,North America,0
sub_01268,2024-09-23,Standard,Europe,0
sub_01269,2023-08-04,Premium,North America,1
sub_01270,2025-05-13,Premium,APAC,1
sub_01271,2024-09-25,Basic,APAC,1
sub_01272,2025-03-30,Premium,APAC,1
sub_01273,2023-08-19,Premium,North America,1
sub_01274,2024-02-19,Basic,Europe,0
sub_01275,2023-12-18,Premium,North America,0
sub_01276,2024-01-23,Basic,North America,1
sub_01277,2024-03-03,Standard,APAC,1
sub_01278,2023-12-11,Standard,Europe,1
sub_01279,2025-06-11,Basic,APAC,0
sub_01280,2023-10-06,Basic,North America,1
sub_01281,2024-01-04,Basic,Latin America,1
sub_01282,2024-01-04,Basic,Latin America,0
sub_01283,2024-09-08,Standard,Europe,0
sub_01284,2023-11-21,Basic,APAC,0
sub_01285,2024-09-16,Basic,North America,1
sub_01286,2025-05-12,Standard,APAC,1
sub_01287,2023-09-06,Standard,APAC,1
sub_01288,2024-12-31,Standard,APAC,0
sub_01289,2025-04-05,Premium,APAC,0
sub_01290,2024-03-28,Basic,Europe,0
sub_01291,2024-12-31,Premium,APAC,0
sub_01292,2023-10-11,Basic,Europe,1
sub_01293,2024-08-03,Standard,North America,0
sub_01294,2025-06-13,Premium,North America,0
sub_01295,2023-08-05,Premium,APAC,1
sub_01296,2024-06-13,Standard,Europe,0
sub_01297,2024-12-10,Standard,Europe,0
sub_01298,2024-02-18,Basic,Latin America,1
sub_01299,2024-06-02,Standard,Europe,0
sub_01300,2025-05-26,Premium,North America,0
sub_01301,2023-12-21,Premium,North America,0
sub_01302,2024-09-02,Standard,Europe,1
sub_01303,2024-02-01,Basic,APAC,0
sub_01304,2023-09-14,Standard,Europe,1
sub_01305,2024-04-05,Basic,Europe,1
sub_01306,2024-02-22,Basic,APAC,1
sub_01307,2024-12-16,Basic,APAC,0
sub_01308,2024-12-28,Standard,APAC,0
sub_01309,2024-08-23,Basic,North America,0
sub_01310,2023-10-15,Basic,APAC,0
sub_01311,2024-06-06,Basic,Europe,1
sub_01312,2024-10-10,Premium,North America,1
sub_01313,2023-12-06,Standard,Europe,1
sub_01314,2023-10-15,Basic,APAC,0
sub_01315,2023-09-09,Basic,Europe,0
sub_01316,2024-11-14,Standard,APAC,0
sub_01317,2024-01-25,Basic,North America,0
sub_01318,2024-04-20,Standard,North America,1
sub_01319,2024-07-30,Standard,North America,1
sub_01320,2024-09-05,Premium,North America,1
sub_01321,2025-03-26,Basic,Europe,0
sub_01322,2024-12-02,Standard,APAC,0
sub_01323,2024-05-19,Basic,APAC,1
sub_01324,2023-09-21,Premium,North America,1
sub_01325,2023-10-05,Premium,North America,0
sub_01326,2025-02-02,Standard,North America,0
sub_01327,2024-02-16,Standard,Europe,1
sub_01328,2025-04-17,Basic,North America,1
sub_01329,2024-02-19,Premium,Europe,0
sub_01330,2024-10-15,Standard,APAC,0
sub_01331,2024-07-29,Basic,Europe,0
sub_01332,2024-01-20,Standard,North America,1
sub_01333,2024-08-16,Standard,North America,1
sub_01334,2023-11-16,Premium,Europe,1
sub_01335,2024-05-30,Standard,Europe,1
sub_01336,2023-07-02,Standard,North America,0
sub_01337,2024-03-17,Standard,APAC,1
sub_01338,2024-11-16,Basic,Europe,1
sub_01339,2023-12-09,Basic,Europe,0
sub_01340,2024-08-28,Basic,North America,1
sub_01341,2024-05-30,Premium,North America,1
sub_01342,2025-03-11,Standard,North America,0
sub_01343,2025-03-23,Standard,North America,0
sub_01344,2024-05-01,Basic,Europe,0
sub_01345,2025-02-03,Basic,Europe,0
sub_01346,2023-07-03,Standard,APAC,1
sub_01347,2023-10-13,Basic,Latin America,1
sub_01348,2024-02-01,Basic,North America,1
sub_01349,2024-01-07,Premium,North America,0
sub_01350,2024-04-16,Basic,APAC,1
sub_01351,2025-05-04,Basic,Latin America,0
sub_01352,2024-09-09,Standard,APAC,0
sub_01353,2024-06-27,Premium,North America,0
sub_01354,2023-08-31,Basic,North America,1
sub_01355,2025-01-10,Premium,North America,1
sub_01356,2024-06-26,Premium,APAC,0
sub_01357,2024-10-13,Standard,Europe,0
sub_01358,2025-03-12,Standard,Europe,0
sub_01359,2025-04-04,Standard,Europe,0
sub_01360,2024-09-28,Standard,North America,1
sub_01361,2025-04-18,Standard,Europe,0
sub_01362,2025-04-29,Standard,North America,1
sub_01363,2024-10-08,Basic,Europe,0
sub_01364,2025-01-23,Basic,APAC,0
sub_01365,2024-05-15,Standard,Europe,1
sub_01366,2025-06-04,Basic,North America,0
sub_01367,2024-11-12,Standard,APAC,0
sub_01368,2024-07-27,Standard,APAC,0
sub_01369,2023-07-28,Premium,North America,1
sub_01370,2024-03-19,Basic,North America,1
sub_01371,2023-09-25,Standard,Europe,0
sub_01372,2024-10-14,Standard,North America,0
sub_01373,2024-07-30,Basic,North America,0
sub_01374,2024-08-20,Basic,North America,1
sub_01375,2023-09-20,Basic,North America,0
sub_01376,2023-07-31,Basic,Europe,0
sub_01377,2023-07-28,Basic,Europe,1
sub_01378,2023-12-26,Standard,North America,1
sub_01379,2024-06-21,Standard,APAC,0
sub_01380,2024-05-25,Basic,North America,1
sub_01381,2023-07-15,Basic,North America,0
sub_01382,2024-11-25,Basic,North America,0
sub_01383,2024-10-11,Standard,APAC,1
sub_01384,2023-09-13,Basic,Latin America,1
sub_01385,2024-09-13,Standard,Europe,0
sub_01386,2024-12-30,Basic,North America,1
sub_01387,2024-05-11,Basic,North America,0
sub_01388,2024-10-27,Premium,North America,1
sub_01389,2023-09-18,Basic,APAC,0
sub_01390,2023-09-05,Basic,North America,1
sub_01391,2024-11-09,Basic,Latin America,0
sub_01392,2024-06-02,Premium,Europe,0
sub_01393,2023-07-13,Standard,Europe,1
sub_01394,2024-01-02,Standard,APAC,1
sub_01395,2025-01-13,Premium,North America,1
sub_01396,2024-04-20,Basic,APAC,1
sub_01397,2024-03-30,Premium,North America,0
sub_01398,2024-03-06,Basic,APAC,1
sub_01399,2025-05-30,Standard,Europe,0
sub_01400,2024-11-14,Standard,North America,0
sub_01401,2023-10-14,Basic,APAC,1
sub_01402,2024-12-26,Premium,North America,0
sub_01403,2024-11-14,Basic,North America,0
sub_01404,2024-10-29,Premium,APAC,1
sub_01405,2025-02-09,Basic,Europe,1
sub_01406,2025-02-25,Standard,APAC,0
sub_01407,2024-10-11,Premium,Europe,1
sub_01408,2023-09-29,Basic,Europe,0
sub_01409,2025-06-15,Premium,North America,1
sub_01410,2024-11-26,Standard,North America,1
sub_01411,2025-05-04,Standard,Latin America,1
sub_01412,2024-05-10,Basic,North America,0
sub_01413,2024-12-19,Standard,Europe,0
sub_01414,2023-11-27,Standard,North America,1
sub_01415,2024-04-24,Standard,North America,0
sub_01416,2023-12-03,Basic,Europe,0
sub_01417,2024-03-19,Basic,APAC,0
sub_01418,2024-08-07,Premium,APAC,1
sub_01419,2023-10-09,Basic,APAC,0
sub_01420,2024-07-10,Standard,North America,0
sub_01421,2023-08-06,Premium,Europe,0
sub_01422,2023-07-05,Basic,North America,1
sub_01423,2024-04-21,Basic,APAC,1
sub_01424,2024-02-19,Standard,North America,0
sub_01425,2024-12-15,Basic,Europe,0
sub_01426,2023-11-11,Standard,North America,1
sub_01427,2024-02-22,Standard,APAC,0
sub_01428,2023-09-09,Standard,APAC,0
sub_01429,2024-12-07,Basic,APAC,0
sub_01430,2023-12-01,Standard,North America,0
sub_01431,2024-07-15,Standard,Latin America,0
sub_01432,2025-02-04,Basic,North America,1
sub_01433,2025-02-14,Standard,North America,0
sub_01434,2024-05-10,Premium,North America,1
sub_01435,2024-10-31,Standard,North America,0
sub_01436,2025-04-05,Standard,Europe,0
sub_01437,2024-08-15,Basic,North America,0
sub_01438,2024-03-06,Basic,North America,1
sub_01439,2024-10-31,Basic,Europe,1
sub_01440,2023-08-02,Basic,APAC,1
sub_01441,2023-12-06,Premium,Europe,0
sub_01442,2024-06-14,Basic,Europe,0
sub_01443,2023-08-17,Premium,North America,0
sub_01444,2024-08-10,Basic,APAC,0
sub_01445,2025-03-08,Basic,North America,1
sub_01446,2025-05-22,Standard,North America,0
sub_01447,2023-08-15,Basic,North America,0
sub_01448,2023-07-30,Premium,Europe,0
sub_01449,2024-01-04,Premium,North America,0
sub_01450,2025-04-04,Premium,Europe,0
sub_01451,2024-11-18,Basic,North America,1
sub_01452,2025-05-18,Premium,Europe,0
sub_01453,2025-05-11,Basic,Europe,1
sub_01454,2024-12-22,Premium,North America,0
sub_01455,2024-05-03,Standard,Europe,1
sub_01456,2025-05-01,Basic,Europe,1
sub_01457,2023-07-13,Basic,Europe,0
sub_01458,2024-07-26,Basic,North America,0
sub_01459,2024-12-10,Basic,Europe,0
sub_01460,2024-06-12,Premium,North America,0
sub_01461,2023-11-29,Premium,North America,0
sub_01462,2024-11-05,Premium,North America,1
sub_01463,2025-05-13,Basic,Europe,1
sub_01464,2025-05-11,Standard,North America,1
sub_01465,2023-10-15,Basic,Europe,1
sub_01466,2025-03-29,Standard,North America,0
sub_01467,2024-03-18,Basic,APAC,0
sub_01468,2024-09-14,Basic,North America,1
sub_01469,2023-12-08,Standard,Europe,1
sub_01470,2025-05-04,Basic,APAC,1
sub_01471,2023-09-13,Standard,North America,1
sub_01472,2024-02-03,Standard,North America,0
sub_01473,2024-07-30,Basic,Europe,0
sub_01474,2025-01-19,Premium,Latin America,0
sub_01475,2023-07-18,Standard,Latin America,1
sub_01476,2024-11-12,Premium,North America,0
sub_01477,2024-06-30,Standard,APAC,0
sub_01478,2024-09-07,Standard,North America,1
sub_01479,2025-01-02,Standard,North America,1
sub_01480,2024-08-22,Premium,Europe,0
sub_01481,2025-02-28,Standard,Europe,1
sub_01482,2025-06-15,Basic,Europe,1
sub_01483,2024-11-21,Basic,APAC,0
sub_01484,2025-03-28,Standard,North America,0
sub_01485,2024-08-24,Basic,Europe,0
sub_01486,2023-10-08,Basic,North America,1
sub_01487,2025-02-20,Basic,North America,1
sub_01488,2025-06-16,Standard,North America,1
sub_01489,2025-03-29,Basic,Latin America,1
sub_01490,2024-06-18,Standard,Europe,0
sub_01491,2024-12-02,Premium,North America,1
sub_01492,2024-07-01,Premium,Europe,0
sub_01493,2025-05-27,Basic,Latin America,0
sub_01494,2024-10-21,Standard,Latin America,0
sub_01495,2024-08-27,Standard,Europe,1
sub_01496,2024-08-12,Standard,North America,1
sub_01497,2024-05-18,Standard,Europe,1
sub_01498,2023-12-06,Basic,APAC,1
sub_01499,2024-07-17,Premium,APAC,1
sub_01500,2023-10-23,Basic,APAC,0
sub_01501,2024-06-02,Premium,Europe,1
sub_01502,2024-12-12,Standard,North America,0
sub_01503,2025-01-04,Basic,Europe,1
sub_01504,2024-10-29,Standard,North America,1
sub_01505,2024-04-15,Basic,North America,0
sub_01506,2024-12-25,Premium,Europe,0
sub_01507,2023-09-01,Standard,Europe,0
sub_01508,2024-07-08,Basic,APAC,1
sub_01509,2023-10-07,Basic,APAC,0
sub_01510,2024-02-13,Premium,APAC,1
sub_01511,2024-10-21,Basic,APAC,0
sub_01512,2025-01-04,Premium,APAC,0
sub_01513,2024-01-01,Premium,North America,1
sub_01514,2024-10-23,Standard,Europe,0
sub_01515,2024-12-22,Basic,North America,1
sub_01516,2023-08-20,Standard,North America,0
sub_01517,2024-07-06,Premium,North America,0
sub_01518,2025-05-13,Basic,APAC,0
sub_01519,2024-06-27,Basic,APAC,1
sub_01520,2024-07-22,Basic,Latin America,1
sub_01521,2023-10-07,Basic,Latin America,1
sub_01522,2024-01-24,Standard,APAC,0
sub_01523,2025-01-30,Standard,North America,0
sub_01524,2025-03-01,Standard,APAC,0
sub_01525,2024-04-10,Basic,APAC,1
sub_01526,2025-05-14,Basic,APAC,0
sub_01527,2024-10-31,Basic,North America,1
sub_01528,2025-03-10,Premium,North America,0
sub_01529,2025-06-02,Standard,Latin America,1
sub_01530,2023-08-29,Basic,North America,0
sub_01531,2025-04-13,Premium,North America,1
sub_01532,2025-06-10,Basic,Europe,0
sub_01533,2023-08-19,Basic,North America,1
sub_01534,2025-02-02,Basic,North America,1
sub_01535,2023-11-10,Premium,Latin America,0
sub_01536,2025-05-25,Standard,APAC,1
sub_01537,2025-02-27,Standard,Latin America,0
sub_01538,2025-03-29,Basic,North America,0
sub_01539,2024-01-28,Basic,North America,0
sub_01540,2024-03-29,Standard,Europe,1
sub_01541,2024-07-11,Basic,Europe,0
sub_01542,2024-12-25,Premium,North America,0
sub_01543,2025-04-14,Premium,APAC,0
sub_01544,2024-05-05,Standard,Latin America,0
sub_01545,2025-01-02,Standard,Europe,1
sub_01546,2024-04-20,Premium,North America,0
sub_01547,2024-02-10,Standard,North America,0
sub_01548,2023-10-17,Standard,North America,0
sub_01549,2024-06-28,Premium,North America,1
sub_01550,2025-06-13,Basic,Europe,1
sub_01551,2024-11-28,Premium,Europe,0
sub_01552,2023-10-14,Basic,Europe,0
sub_01553,2024-05-31,Standard,APAC,1
sub_01554,2024-03-30,Premium,North America,0
sub_01555,2024-07-24,Standard,North America,1
sub_01556,2025-02-20,Standard,North America,1
sub_01557,2023-09-13,Standard,North America,0
sub_01558,2023-12-11,Basic,Europe,0
sub_01559,2023-07-05,Basic,APAC,1
sub_01560,2023-10-13,Basic,APAC,0
sub_01561,2024-11-20,Standard,Europe,0
sub_01562,2024-12-16,Standard,North America,0
sub_01563,2024-12-21,Basic,North America,0
sub_01564,2023-08-29,Premium,North America,0
sub_01565,2024-05-14,Basic,North America,0
sub_01566,2024-07-26,Standard,APAC,0
sub_01567,2023-07-24,Standard,Europe,1
sub_01568,2024-04-10,Basic,North America,1
sub_01569,2023-09-04,Standard,North America,1
sub_01570,2023-07-12,Standard,North America,1
sub_01571,2025-04-21,Basic,Latin America,1
sub_01572,2024-10-01,Premium,North America,1
sub_01573,2024-01-08,Premium,North America,0
sub_01574,2023-11-12,Standard,North America,0
sub_01575,2025-03-02,Premium,APAC,1
sub_01576,2024-11-01,Premium,Europe,1
sub_01577,2024-05-20,Basic,Europe,0
sub_01578,2023-11-22,Standard,North America,0
sub_01579,2025-03-28,Standard,North America,1
sub_01580,2024-04-12,Basic,APAC,0
sub_01581,2024-11-16,Basic,North America,0
sub_01582,2025-01-13,Basic,North America,1
sub_01583,2024-06-12,Standard,Europe,0
sub_01584,2024-08-24,Premium,North America,1
sub_01585,2024-03-18,Premium,North America,1
sub_01586,2024-11-01,Basic,APAC,1
sub_01587,2023-11-05,Basic,Europe,0
sub_01588,2025-04-22,Standard,North America,0
sub_01589,2023-10-08,Standard,North America,0
sub_01590,2025-05-26,Premium,APAC,1
sub_01591,2024-01-07,Premium,North America,1
sub_01592,2024-10-11,Premium,North America,0
sub_01593,2024-09-15,Premium,Europe,0
sub_01594,2025-06-03,Premium,Europe,0
sub_01595,2024-01-31,Standard,Latin America,0
sub_01596,2025-02-18,Basic,North America,0
sub_01597,2024-03-02,Basic,North America,0
sub_01598,2024-01-14,Basic,Europe,1
sub_01599,2023-10-20,Basic,Europe,0
sub_01600,2024-01-27,Basic,North America,0
sub_01601,2024-11-13,Premium,Europe,0
sub_01602,2024-01-05,Basic,North America,1
sub_01603,2023-11-03,Premium,APAC,1
sub_01604,2024-11-01,Premium,APAC,0
sub_01605,2025-03-20,Standard,Europe,1
sub_01606,2023-09-18,Standard,Latin America,0
sub_01607,2025-03-03,Basic,Latin America,0
sub_01608,2024-04-17,Standard,North America,0
sub_01609,2024-12-29,Basic,North America,1
sub_01610,2025-03-18,Premium,Europe,1
sub_01611,2023-12-09,Basic,North America,1
sub_01612,2025-03-06,Basic,North America,0
sub_01613,2024-02-23,Standard,North America,0
sub_01614,2024-02-06,Standard,Latin America,1
sub_01615,2025-05-04,Standard,North America,1
sub_01616,2025-02-13,Standard,APAC,0
sub_01617,2023-11-26,Basic,North America,0
sub_01618,2024-06-18,Standard,North America,1
sub_01619,2025-03-22,Basic,APAC,0
sub_01620,2023-07-07,Basic,North America,1
sub_01621,2024-12-09,Basic,North America,1
sub_01622,2025-06-14,Basic,North America,1
sub_01623,2023-08-25,Basic,Europe,1
sub_01624,2025-06-05,Standard,North America,0
sub_01625,2024-05-16,Basic,North America,0
sub_01626,2023-07-06,Basic,North America,1
sub_01627,2024-04-29,Standard,North America,0
sub_01628,2024-04-24,Basic,North America,1
sub_01629,2024-09-12,Standard,Europe,0
sub_01630,2025-03-18,Premium,North America,0
sub_01631,2024-05-02,Standard,North America,0
sub_01632,2023-09-13,Premium,Europe,0
sub_01633,2025-04-12,Basic,APAC,1
sub_01634,2023-09-25,Basic,North America,1
sub_01635,2024-08-23,Standard,North America,1
sub_01636,2024-05-29,Premium,North America,1
sub_01637,2025-02-18,Premium,Latin America,0
sub_01638,2024-03-28,Basic,North America,0
sub_01639,2025-02-06,Premium,North America,1
sub_01640,2024-12-03,Basic,Europe,1
sub_01641,2024-01-17,Basic,North America,0
sub_01642,2025-05-11,Basic,North America,0
sub_01643,2024-07-31,Premium,North America,0
sub_01644,2024-04-17,Basic,Europe,0
sub_01645,2025-03-14,Premium,Europe,1
sub_01646,2024-11-17,Standard,Europe,1
sub_01647,2024-10-14,Standard,APAC,1
sub_01648,2024-02-27,Standard,North America,0
sub_01649,2023-07-18,Premium,Latin America,0
sub_01650,2023-10-27,Basic,APAC,1
sub_01651,2025-02-01,Basic,APAC,1
sub_01652,2025-06-03,Standard,APAC,0
sub_01653,2025-05-10,Basic,North America,0
sub_01654,2024-04-16,Basic,North America,1
sub_01655,2025-02-25,Basic,Europe,1
sub_01656,2025-01-02,Basic,North America,0
sub_01657,2023-10-19,Basic,Europe,1
sub_01658,2023-09-30,Basic,North America,0
sub_01659,2023-10-25,Premium,North America,1
sub_01660,2024-12-17,Basic,Latin America,0
sub_01661,2024-03-30,Premium,Europe,0
sub_01662,2024-04-05,Premium,Europe,0
sub_01663,2025-02-04,Basic,North America,0
sub_01664,2024-05-16,Standard,Europe,0
sub_01665,2024-06-05,Standard,APAC,1
sub_01666,2024-09-06,Standard,Europe,0
sub_01667,2023-12-26,Basic,Europe,0
sub_01668,2024-02-17,Basic,Europe,0
sub_01669,2024-05-31,Basic,North America,1
sub_01670,2024-01-14,Standard,Europe,0
sub_01671,2023-12-18,Premium,Latin America,1
sub_01672,2024-05-07,Standard,Europe,0
sub_01673,2024-12-07,Standard,North America,1
sub_01674,2023-12-21,Premium,Europe,1
sub_01675,2024-01-20,Standard,Europe,0
sub_01676,2023-07-13,Basic,Latin America,1
sub_01677,2025-03-01,Premium,APAC,0
sub_01678,2024-08-20,Basic,North America,1
sub_01679,2023-08-25,Basic,North America,0
sub_01680,2024-06-13,Standard,Europe,1
sub_01681,2023-08-12,Premium,North America,1
sub_01682,2025-06-08,Basic,Europe,0
sub_01683,2025-05-22,Standard,APAC,0
sub_01684,2023-11-25,Basic,Europe,0
sub_01685,2024-10-03,Basic,North America,0
sub_01686,2024-06-09,Basic,APAC,1
sub_01687,2024-08-14,Standard,APAC,1
sub_01688,2024-08-28,Premium,North America,1
sub_01689,2023-08-14,Basic,Europe,1
sub_01690,2025-04-10,Basic,Europe,1
sub_01691,2023-12-12,Basic,APAC,0
sub_01692,2023-09-19,Basic,North America,0
sub_01693,2024-03-03,Standard,North America,0
sub_01694,2024-09-07,Standard,Europe,0
sub_01695,2025-02-22,Standard,North America,0
sub_01696,2024-02-14,Basic,North America,1
sub_01697,2024-07-16,Standard,APAC,0
sub_01698,2025-03-02,Basic,North America,1
sub_01699,2024-10-02,Basic,Europe,1
sub_01700,2023-07-29,Premium,Latin America,1
sub_01701,2024-12-08,Premium,Europe,0
sub_01702,2025-02-09,Premium,Europe,1
sub_01703,2024-02-14,Premium,Europe,0
sub_01704,2025-01-25,Standard,North America,1
sub_01705,2023-08-28,Premium,North America,1
sub_01706,2023-10-10,Standard,Europe,0
sub_01707,2023-07-13,Basic,North America,1
sub_01708,2023-09-02,Basic,North America,1
sub_01709,2024-12-24,Basic,North America,0
sub_01710,2025-01-16,Basic,APAC,0
sub_01711,2024-10-14,Basic,North America,0
sub_01712,2024-07-15,Standard,APAC,0
sub_01713,2023-09-25,Premium,North America,1
sub_01714,2024-01-08,Standard,Europe,1
sub_01715,2024-03-12,Basic,North America,1
sub_01716,2023-09-27,Standard,North America,0
sub_01717,2024-03-11,Basic,Europe,1
sub_01718,2024-09-18,Basic,Europe,1
sub_01719,2024-08-25,Basic,North America,0
sub_01720,2024-06-11,Basic,Europe,0
sub_01721,2025-04-14,Basic,Europe,1
sub_01722,2024-01-02,Premium,North America,1
sub_01723,2024-03-06,Premium,Europe,0
sub_01724,2024-01-10,Standard,North America,0
sub_01725,2024-05-30,Basic,Europe,0
sub_01726,2023-12-04,Premium,North America,0
sub_01727,2023-08-06,Standard,Europe,0
sub_01728,2024-05-04,Basic,North America,1
sub_01729,2024-08-02,Standard,Europe,1
sub_01730,2025-04-03,Standard,Europe,0
sub_01731,2023-12-07,Standard,Latin America,1
sub_01732,2023-09-08,Basic,Europe,0
sub_01733,2024-02-02,Standard,APAC,1
sub_01734,2023-10-06,Basic,North America,1
sub_01735,2023-10-09,Basic,North America,1
sub_01736,2023-11-23,Basic,North America,1
sub_01737,2024-06-21,Premium,Europe,1
sub_01738,2025-04-06,Basic,Europe,0
sub_01739,2025-06-14,Basic,APAC,0
sub_01740,2025-01-21,Basic,Europe,0
sub_01741,2024-08-12,Premium,Europe,0
sub_01742,2024-01-01,Standard,North America,1
sub_01743,2024-07-25,Premium,North America,0
sub_01744,2025-05-31,Basic,APAC,0
sub_01745,2025-01-17,Basic,North America,1
sub_01746,2023-07-16,Standard,North America,0
sub_01747,2023-07-10,Basic,Latin America,1
sub_01748,2024-09-19,Premium,Latin America,1
sub_01749,2023-11-18,Premium,Europe,1
sub_01750,2024-01-18,Standard,North America,1
sub_01751,2023-08-20,Premium,APAC,0
sub_01752,2023-09-20,Standard,North America,1
sub_01753,2024-03-23,Basic,Europe,0
sub_01754,2024-09-07,Standard,North America,1
sub_01755,2024-03-25,Basic,Latin America,0
sub_01756,2024-10-31,Premium,Latin America,0
sub_01757,2024-10-10,Basic,Europe,1
sub_01758,2024-04-07,Basic,North America,1
sub_01759,2024-05-03,Standard,Europe,1
sub_01760,2024-04-27,Basic,North America,1
sub_01761,2024-09-14,Basic,APAC,0
sub_01762,2024-08-28,Standard,North America,1
sub_01763,2025-06-09,Basic,North America,1
sub_01764,2024-04-12,Standard,APAC,0
sub_01765,2024-04-30,Basic,Europe,1
sub_01766,2023-08-17,Basic,APAC,0
sub_01767,2024-06-20,Basic,North America,0
sub_01768,2024-07-17,Premium,APAC,1
sub_01769,2025-04-29,Premium,North America,0
sub_01770,2025-01-27,Basic,North America,1
sub_01771,2024-10-17,Premium,Europe,1
sub_01772,2024-09-19,Standard,North America,0
sub_01773,2024-09-30,Standard,Europe,1
sub_01774,2024-09-07,Standard,North America,0
sub_01775,2023-12-14,Standard,North America,1
sub_01776,2025-03-15,Premium,APAC,1
sub_01777,2024-10-22,Standard,North America,0
sub_01778,2025-02-20,Standard,Europe,1
sub_01779,2024-11-08,Basic,APAC,0
sub_01780,2024-02-12,Basic,North America,1
sub_01781,2025-05-14,Standard,APAC,1
sub_01782,2024-10-16,Basic,North America,0
sub_01783,2025-05-31,Basic,North America,0
sub_01784,2023-08-03,Basic,North America,0
sub_01785,2024-01-13,Basic,APAC,1
sub_01786,2024-12-24,Standard,Europe,1
sub_01787,2025-01-26,Standard,Europe,1
sub_01788,2025-04-07,Standard,Latin America,1
sub_01789,2024-07-13,Basic,North America,1
sub_01790,2023-12-25,Standard,APAC,0
sub_01791,2024-04-24,Basic,APAC,0
sub_01792,2023-09-25,Standard,Latin America,1
sub_01793,2024-10-13,Standard,Latin America,1
sub_01794,2024-11-29,Standard,Latin America,0
sub_01795,2024-07-09,Standard,North America,1
sub_01796,2025-01-23,Premium,APAC,0
sub_01797,2023-07-19,Premium,APAC,0
sub_01798,2025-02-03,Standard,Europe,1
sub_01799,2024-07-09,Standard,North America,1
sub_01800,2024-06-08,Basic,Latin America,1
sub_01801,2025-05-07,Premium,North America,1
sub_01802,2024-07-16,Basic,Europe,1
sub_01803,2024-07-26,Basic,Europe,0
sub_01804,2024-12-13,Premium,North America,1
sub_01805,2025-03-17,Standard,APAC,0
sub_01806,2025-05-15,Basic,North America,0
sub_01807,2025-06-10,Basic,Europe,1
sub_01808,2024-07-07,Basic,APAC,0
sub_01809,2025-04-13,Standard,North America,1
sub_01810,2023-07-31,Basic,APAC,1
sub_01811,2024-12-23,Premium,North America,1
sub_01812,2024-03-06,Premium,APAC,0
sub_01813,2024-02-20,Standard,Latin America,1
sub_01814,2024-06-27,Standard,North America,0
sub_01815,2023-09-23,Basic,Europe,0
sub_01816,2025-03-29,Basic,Europe,1
sub_01817,2024-12-31,Standard,Europe,0
sub_01818,2024-12-18,Basic,APAC,1
sub_01819,2025-03-12,Basic,Europe,0
sub_01820,2024-11-17,Basic,Europe,1
sub_01821,2024-11-05,Basic,North America,0
sub_01822,2023-12-17,Standard,North America,1
sub_01823,2024-11-13,Standard,APAC,0
sub_01824,2023-09-28,Premium,North America,0
sub_01825,2023-12-11,Standard,Europe,0
sub_01826,2023-09-10,Premium,North America,0
sub_01827,2025-04-02,Standard,APAC,0
sub_01828,2023-07-13,Premium,Europe,0
sub_01829,2024-04-03,Standard,North America,0
sub_01830,2023-07-14,Basic,North America,1
sub_01831,2024-10-05,Premium,Europe,0
sub_01832,2023-08-04,Basic,Latin America,1
sub_01833,2024-04-21,Basic,Europe,1
sub_01834,2025-04-26,Basic,Europe,1
sub_01835,2024-08-27,Basic,APAC,1
sub_01836,2025-03-10,Basic,North America,0
sub_01837,2023-08-13,Standard,Europe,0
sub_01838,2024-11-11,Premium,North America,0
sub_01839,2025-01-08,Basic,North America,0
sub_01840,2024-05-17,Standard,APAC,1
sub_01841,2024-08-16,Basic,APAC,1
sub_01842,2025-04-08,Premium,Latin America,1
sub_01843,2023-11-10,Basic,APAC,1
sub_01844,2023-10-20,Basic,Europe,1
sub_01845,2024-01-02,Standard,North America,0
sub_01846,2024-04-01,Standard,Europe,0
sub_01847,2024-09-01,Premium,Latin America,0
sub_01848,2024-05-24,Standard,APAC,1
sub_01849,2024-06-08,Premium,Europe,0
sub_01850,2025-02-18,Basic,Europe,0
sub_01851,2025-04-19,Basic,APAC,1
sub_01852,2024-12-17,Basic,Latin America,0
sub_01853,2024-07-26,Basic,APAC,0
sub_01854,2025-02-22,Basic,Europe,1
sub_01855,2025-04-01,Standard,North America,1
sub_01856,2023-10-16,Basic,Europe,0
sub_01857,2024-09-21,Standard,North America,1
sub_01858,2024-04-24,Standard,Latin America,1
sub_01859,2024-06-06,Standard,Europe,0
sub_01860,2024-01-07,Standard,Europe,0
sub_01861,2024-01-04,Basic,North America,1
sub_01862,2024-11-17,Basic,Europe,1
sub_01863,2023-10-18,Standard,Europe,0
sub_01864,2024-09-24,Standard,North America,0
sub_01865,2023-10-27,Basic,APAC,0
sub_01866,2024-08-31,Basic,North America,0
sub_01867,2025-03-29,Standard,Europe,0
sub_01868,2023-12-20,Standard,North America,1
sub_01869,2025-05-26,Basic,Europe,0
sub_01870,2023-12-11,Standard,APAC,0
sub_01871,2025-05-17,Premium,APAC,1
sub_01872,2025-01-19,Basic,North America,1
sub_01873,2024-04-10,Premium,Latin America,0
sub_01874,2023-08-12,Basic,APAC,1
sub_01875,2024-08-28,Standard,North America,0
sub_01876,2025-03-22,Standard,North America,1
sub_01877,2025-01-01,Basic,North America,0
sub_01878,2023-09-14,Premium,APAC,0
sub_01879,2024-01-13,Standard,North America,0
sub_01880,2025-04-06,Premium,Europe,0
sub_01881,2024-09-14,Basic,APAC,0
sub_01882,2024-12-09,Premium,APAC,1
sub_01883,2025-02-09,Premium,Europe,1
sub_01884,2023-10-19,Standard,APAC,0
sub_01885,2024-03-31,Basic,North America,0
sub_01886,2025-02-08,Standard,APAC,0
sub_01887,2024-03-08,Standard,North America,0
sub_01888,2024-08-24,Premium,North America,0
sub_01889,2025-05-03,Standard,Latin America,0
sub_01890,2024-07-29,Basic,North America,0
sub_01891,2025-02-04,Basic,North America,1
sub_01892,2024-12-23,Standard,Europe,0
sub_01893,2023-09-26,Premium,North America,1
sub_01894,2024-01-25,Basic,North America,0
sub_01895,2025-03-12,Standard,Europe,1
sub_01896,2023-10-16,Premium,APAC,1
sub_01897,2024-05-01,Basic,APAC,0
sub_01898,2023-09-29,Basic,North America,1
sub_01899,2023-12-30,Standard,Europe,1
sub_01900,2024-10-17,Standard,APAC,1
sub_01901,2024-05-30,Basic,North America,1
sub_01902,2024-06-01,Premium,North America,0
sub_01903,2024-01-18,Standard,North America,0
sub_01904,2024-12-21,Premium,Europe,1
sub_01905,2024-10-21,Premium,North America,0
sub_01906,2024-12-23,Premium,APAC,0
sub_01907,2024-11-16,Standard,Latin America,0
sub_01908,2025-02-21,Basic,North America,1
sub_01909,2025-05-21,Standard,Europe,0
sub_01910,2023-08-13,Basic,North America,0
sub_01911,2025-04-24,Standard,North America,0
sub_01912,2023-09-20,Basic,APAC,0
sub_01913,2025-06-14,Standard,Europe,0
sub_01914,2023-12-08,Basic,Latin America,1
sub_01915,2024-10-24,Basic,Europe,1
sub_01916,2024-06-11,Basic,North America,1
sub_01917,2024-11-26,Standard,Europe,1
sub_01918,2024-06-30,Premium,North America,0
sub_01919,2024-07-28,Basic,APAC,0
sub_01920,2024-06-02,Premium,Europe,1
sub_01921,2024-09-08,Premium,North America,1
sub_01922,2024-05-28,Basic,Europe,0
sub_01923,2023-11-03,Standard,Europe,1
sub_01924,2024-08-09,Standard,APAC,0
sub_01925,2024-10-01,Basic,North America,1
sub_01926,2025-03-14,Standard,North America,0
sub_01927,2024-10-02,Basic,North America,0
sub_01928,2025-03-19,Premium,North America,1
sub_01929,2025-02-06,Premium,Europe,0
sub_01930,2023-08-05,Premium,North America,0
sub_01931,2025-04-13,Standard,North America,0
sub_01932,2024-07-06,Standard,Europe,0
sub_01933,2023-10-28,Premium,North America,1
sub_01934,2023-08-04,Basic,Latin America,0
sub_01935,2025-03-03,Basic,Europe,1
sub_01936,2025-02-19,Standard,North America,1
sub_01937,2024-09-23,Basic,Europe,0
sub_01938,2024-05-16,Basic,North America,0
sub_01939,2023-07-30,Basic,APAC,0
sub_01940,2025-01-19,Standard,Europe,1
sub_01941,2025-02-19,Basic,Europe,0
sub_01942,2024-12-17,Basic,Latin America,0
sub_01943,2023-09-29,Basic,APAC,1
sub_01944,2025-05-26,Basic,APAC,1
sub_01945,2024-09-17,Premium,North America,0
sub_01946,2025-03-23,Basic,North America,1
sub_01947,2025-02-24,Standard,Europe,1
sub_01948,2023-08-30,Premium,Europe,1
sub_01949,2025-06-15,Basic,Europe,0
sub_01950,2024-10-29,Premium,APAC,0
sub_01951,2023-08-31,Standard,North America,0
sub_01952,2024-04-07,Standard,North America,0
sub_01953,2025-04-26,Basic,Europe,0
sub_01954,2024-07-19,Basic,North America,0
sub_01955,2023-07-22,Premium,Europe,1
sub_01956,2024-09-03,Premium,APAC,1
sub_01957,2024-06-03,Premium,Europe,0
sub_01958,2024-06-01,Premium,APAC,0
sub_01959,2024-03-01,Basic,Europe,0
sub_01960,2025-02-02,Premium,APAC,0
sub_01961,2023-10-24,Standard,North America,0
sub_01962,2023-07-10,Premium,APAC,0
sub_01963,2025-03-06,Basic,APAC,0
sub_01964,2023-11-09,Basic,North America,1
sub_01965,2023-11-10,Premium,Europe,1
sub_01966,2024-01-03,Premium,APAC,1
sub_01967,2024-09-24,Standard,North America,1
sub_01968,2024-07-16,Basic,APAC,1
sub_01969,2023-10-25,Basic,Latin America,0
sub_01970,2025-02-27,Premium,APAC,1
sub_01971,2023-11-01,Standard,North America,0
sub_01972,2023-08-27,Standard,Europe,0
sub_01973,2024-02-14,Standard,Latin America,0
sub_01974,2024-10-15,Standard,Europe,0
sub_01975,2024-05-12,Standard,North America,0
sub_01976,2025-05-12,Standard,North America,0
sub_01977,2023-08-19,Premium,APAC,0
sub_01978,2024-10-14,Premium,Europe,0
sub_01979,2025-05-07,Premium,North America,0
sub_01980,2023-11-26,Standard,North America,1
sub_01981,2024-03-03,Standard,APAC,1
sub_01982,2024-03-28,Standard,Europe,1
sub_01983,2025-05-09,Premium,APAC,1
sub_01984,2023-12-27,Standard,APAC,0
sub_01985,2024-03-17,Standard,Latin America,0
sub_01986,2023-11-26,Standard,APAC,1
sub_01987,2023-11-02,Standard,North America,1
sub_01988,2025-01-16,Standard,Europe,0
sub_01989,2025-01-17,Basic,North America,0
sub_01990,2023-08-25,Standard,Latin America,0
sub_01991,2024-06-01,Standard,North America,0
sub_01992,2024-08-07,Basic,Europe,0
sub_01993,2024-11-23,Premium,APAC,0
sub_01994,2024-03-16,Standard,North America,0
sub_01995,2023-12-25,Basic,APAC,1
sub_01996,2025-06-15,Premium,North America,0
sub_01997,2024-05-17,Standard,Europe,0
sub_01998,2023-07-06,Premium,Europe,0
sub_01999,2024-11-28,Basic,North America,0
sub_02000,2024-11-27,Premium,Europe,1
sub_02001,2023-09-27,Standard,Latin America,0
sub_02002,2025-05-03,Standard,North America,0
sub_02003,2024-09-05,Basic,Europe,1
sub_02004,2024-07-23,Standard,APAC,0
sub_02005,2023-11-23,Standard,APAC,0
sub_02006,2025-03-16,Standard,North America,0
sub_02007,2024-08-10,Standard,Latin America,0
sub_02008,2025-02-27,Premium,North America,1
sub_02009,2023-12-01,Standard,Europe,1
sub_02010,2024-03-21,Basic,Europe,0
sub_02011,2024-06-26,Premium,APAC,1
sub_02012,2024-09-08,Standard,North America,1
sub_02013,2025-02-27,Premium,North America,1
sub_02014,2023-08-26,Premium,APAC,0
sub_02015,2024-03-10,Premium,North America,1
sub_02016,2024-10-31,Premium,Europe,0
sub_02017,2024-08-24,Standard,APAC,0
sub_02018,2024-01-14,Basic,Europe,1
sub_02019,2024-01-18,Standard,North America,1
sub_02020,2024-07-21,Premium,North America,1
sub_02021,2024-11-12,Standard,Latin America,0
sub_02022,2024-03-01,Premium,Europe,1
sub_02023,2024-03-02,Basic,North America,1
sub_02024,2024-04-13,Basic,North America,1
sub_02025,2025-04-25,Standard,North America,0
sub_02026,2024-07-13,Standard,Latin America,0
sub_02027,2024-04-03,Basic,North America,1
sub_02028,2023-08-06,Basic,North America,0
sub_02029,2024-06-05,Premium,Europe,0
sub_02030,2024-10-14,Standard,North America,0
sub_02031,2024-05-15,Basic,North America,1
sub_02032,2025-02-10,Basic,Latin America,0
sub_02033,2025-04-13,Standard,APAC,0
sub_02034,2024-02-17,Basic,North America,0
sub_02035,2023-07-11,Standard,Europe,0
sub_02036,2023-10-20,Premium,North America,0
sub_02037,2024-04-25,Basic,North America,0
sub_02038,2025-05-19,Standard,Europe,0
sub_02039,2023-07-10,Basic,Europe,1
sub_02040,2024-07-30,Basic,APAC,1
sub_02041,2024-11-21,Premium,APAC,1
sub_02042,2023-09-16,Standard,North America,1
sub_02043,2023-12-30,Premium,Latin America,1
sub_02044,2023-12-28,Basic,Europe,1
sub_02045,2024-11-30,Basic,North America,0
sub_02046,2023-07-07,Standard,APAC,0
sub_02047,2024-07-27,Standard,North America,1
sub_02048,2024-06-01,Premium,Europe,0
sub_02049,2023-12-27,Basic,APAC,1
sub_02050,2024-03-01,Premium,North America,0
sub_02051,2025-02-13,Premium,APAC,0
sub_02052,2024-11-12,Standard,North America,0
sub_02053,2024-10-01,Basic,APAC,1
sub_02054,2023-08-08,Standard,North America,0
sub_02055,2024-01-22,Basic,North America,1
sub_02056,2024-09-27,Premium,North America,0
sub_02057,2024-01-07,Standard,APAC,1
sub_02058,2024-01-05,Premium,North America,0
sub_02059,2024-09-07,Standard,APAC,0
sub_02060,2024-09-01,Standard,North America,1
sub_02061,2023-09-15,Standard,Europe,0
sub_02062,2024-05-10,Standard,North America,0
sub_02063,2025-03-01,Premium,North America,1
sub_02064,2024-01-18,Basic,Latin America,0
sub_02065,2024-04-20,Premium,Europe,1
sub_02066,2024-06-17,Premium,Europe,1
sub_02067,2024-01-14,Premium,Europe,0
sub_02068,2023-09-06,Standard,Europe,1
sub_02069,2024-10-23,Premium,Europe,0
sub_02070,2024-08-20,Basic,APAC,1
sub_02071,2025-02-01,Premium,Europe,1
sub_02072,2024-03-10,Basic,Europe,0
sub_02073,2024-09-01,Basic,Europe,1
sub_02074,2024-10-14,Standard,Europe,0
sub_02075,2024-02-04,Basic,Europe,1
sub_02076,2024-08-28,Basic,Europe,0
sub_02077,2024-07-19,Premium,Europe,0
sub_02078,2024-08-05,Basic,APAC,1
sub_02079,2024-12-13,Standard,Latin America,1
sub_02080,2025-03-18,Basic,Latin America,0
sub_02081,2023-11-02,Premium,APAC,1
sub_02082,2025-04-12,Premium,Europe,1
sub_02083,2024-10-27,Standard,APAC,1
sub_02084,2024-02-25,Standard,North America,0
sub_02085,2025-03-14,Premium,Europe,0
sub_02086,2024-03-04,Premium,North America,0
sub_02087,2024-01-09,Basic,North America,0
sub_02088,2024-02-28,Standard,Latin America,0
sub_02089,2024-11-10,Premium,APAC,0
sub_02090,2025-06-02,Basic,Europe,1
sub_02091,2023-09-20,Premium,North America,1
sub_02092,2024-10-26,Basic,Europe,1
sub_02093,2023-11-18,Premium,Europe,1
sub_02094,2025-01-26,Basic,APAC,0
sub_02095,2025-02-20,Basic,Latin America,1
sub_02096,2023-12-07,Premium,North America,1
sub_02097,2023-08-14,Premium,North America,1
sub_02098,2023-10-09,Premium,North America,1
sub_02099,2023-12-27,Premium,North America,1
sub_02100,2024-12-22,Standard,North America,0
sub_02101,2023-09-02,Basic,North America,1
sub_02102,2024-02-24,Basic,North America,0
sub_02103,2025-02-13,Standard,North America,1
sub_02104,2025-03-16,Basic,North America,1
sub_02105,2023-10-02,Premium,APAC,0
sub_02106,2024-12-01,Basic,North America,1
sub_02107,2023-12-16,Basic,APAC,0
sub_02108,2025-03-09,Basic,North America,1
sub_02109,2024-11-28,Basic,North America,1
sub_02110,2024-11-25,Basic,North America,0
sub_02111,2024-11-27,Standard,APAC,1
sub_02112,2024-02-19,Basic,North America,0
sub_02113,2023-09-01,Standard,Europe,1
sub_02114,2023-09-04,Premium,North America,0
sub_02115,2024-01-03,Standard,Latin America,1
sub_02116,2025-01-22,Standard,North America,0
sub_02117,2023-07-30,Basic,North America,1
sub_02118,2024-05-24,Basic,APAC,0
sub_02119,2024-05-22,Basic,North America,0
sub_02120,2024-01-31,Premium,North America,0
sub_02121,2023-12-14,Standard,APAC,0
sub_02122,2023-08-04,Basic,North America,1
sub_02123,2024-04-26,Standard,North America,0
sub_02124,2024-04-06,Premium,Europe,0
sub_02125,2023-12-31,Standard,North America,1
sub_02126,2024-12-16,Standard,Latin America,1
sub_02127,2024-11-08,Premium,Europe,1
sub_02128,2024-03-26,Standard,Europe,1
sub_02129,2025-05-02,Standard,North America,0
sub_02130,2024-10-30,Basic,Europe,0
sub_02131,2024-01-19,Basic,Europe,0
sub_02132,2023-07-19,Premium,North America,0
sub_02133,2024-06-10,Standard,APAC,1
sub_02134,2024-09-03,Standard,Europe,0
sub_02135,2024-08-05,Standard,APAC,0
sub_02136,2024-02-12,Basic,North America,0
sub_02137,2024-05-23,Premium,North America,0
sub_02138,2025-05-31,Basic,APAC,1
sub_02139,2024-05-26,Premium,APAC,0
sub_02140,2024-09-03,Standard,North America,1
sub_02141,2024-02-01,Basic,North America,1
sub_02142,2023-09-29,Basic,APAC,0
sub_02143,2023-07-28,Premium,North America,0
sub_02144,2024-04-06,Basic,North America,1
sub_02145,2024-09-30,Basic,Europe,1
sub_02146,2024-08-03,Premium,North America,1
sub_02147,2025-02-10,Basic,North America,1
sub_02148,2023-08-16,Basic,North America,0
sub_02149,2023-10-19,Basic,Latin America,0
sub_02150,2023-10-14,Premium,North America,0
sub_02151,2024-10-25,Basic,Europe,1
sub_02152,2024-10-29,Basic,Latin America,0
sub_02153,2023-10-12,Basic,Europe,1
sub_02154,2024-05-23,Basic,Europe,1
sub_02155,2024-01-29,Basic,Europe,1
sub_02156,2024-07-01,Basic,North America,0
sub_02157,2024-08-03,Basic,Europe,1
sub_02158,2024-03-21,Standard,Latin America,0
sub_02159,2023-11-12,Premium,APAC,0
sub_02160,2024-10-20,Basic,Europe,0
sub_02161,2023-11-15,Basic,North America,1
sub_02162,2024-12-24,Premium,APAC,0
sub_02163,2024-09-01,Premium,North America,0
sub_02164,2023-09-02,Standard,APAC,0
sub_02165,2023-08-03,Basic,North America,0
sub_02166,2023-08-25,Standard,APAC,1
sub_02167,2024-11-02,Basic,APAC,0
sub_02168,2023-10-22,Basic,Europe,0
sub_02169,2023-08-16,Basic,North America,0
sub_02170,2023-07-17,Standard,APAC,0
sub_02171,2025-06-02,Basic,North America,1
sub_02172,2023-12-31,Standard,North America,0
sub_02173,2023-07-04,Basic,Europe,1
sub_02174,2023-12-17,Basic,Europe,0
sub_02175,2025-01-01,Premium,Europe,1
sub_02176,2023-12-18,Premium,North America,1
sub_02177,2025-04-02,Basic,Europe,0
sub_02178,2024-07-07,Standard,APAC,0
sub_02179,2024-03-25,Basic,North America,0
sub_02180,2024-07-25,Basic,Europe,0
sub_02181,2024-02-01,Standard,Europe,0
sub_02182,2024-12-26,Basic,APAC,0
sub_02183,2024-04-08,Standard,Europe,0
sub_02184,2024-03-12,Standard,APAC,0
sub_02185,2024-03-20,Basic,North America,0
sub_02186,2024-11-21,Basic,North America,0
sub_02187,2024-11-10,Basic,Latin America,1
sub_02188,2024-12-14,Premium,APAC,1
sub_02189,2024-07-21,Standard,Europe,0
sub_02190,2024-04-23,Basic,Europe,1
sub_02191,2024-09-30,Basic,Europe,1
sub_02192,2024-08-27,Standard,North America,0
sub_02193,2024-11-23,Basic,APAC,1
sub_02194,2025-01-11,Standard,APAC,0
sub_02195,2024-03-03,Premium,Europe,0
sub_02196,2023-11-10,Standard,North America,1
sub_02197,2024-11-20,Basic,North America,1
sub_02198,2023-10-09,Basic,North America,1
sub_02199,2024-05-04,Basic,APAC,0
sub_02200,2025-02-16,Standard,Europe,0
sub_02201,2024-09-27,Premium,North America,0
sub_02202,2025-06-11,Basic,Europe,1
sub_02203,2025-05-19,Standard,Latin America,0
sub_02204,2024-10-19,Standard,North America,0
sub_02205,2024-07-26,Basic,Europe,0
sub_02206,2023-11-23,Basic,Europe,0
sub_02207,2025-03-12,Basic,North America,0
sub_02208,2023-10-25,Standard,Europe,1
sub_02209,2024-12-31,Standard,Europe,0
sub_02210,2025-03-09,Standard,North America,1
sub_02211,2024-02-01,Premium,North America,1
sub_02212,2023-12-10,Premium,APAC,1
sub_02213,2024-04-09,Premium,North America,0
sub_02214,2025-03-26,Premium,Europe,1
sub_02215,2025-03-26,Premium,Europe,1
sub_02216,2024-09-10,Premium,APAC,0
sub_02217,2024-07-29,Standard,APAC,1
sub_02218,2023-07-02,Premium,APAC,1
sub_02219,2024-11-23,Premium,Europe,0
sub_02220,2025-01-30,Standard,Europe,1
sub_02221,2023-08-09,Standard,North America,0
sub_02222,2025-02-26,Standard,North America,0
sub_02223,2025-05-29,Premium,North America,0
sub_02224,2024-08-18,Standard,North America,1
sub_02225,2024-09-02,Premium,Europe,1
sub_02226,2024-03-30,Premium,North America,1
sub_02227,2023-09-27,Premium,North America,0
sub_02228,2023-08-19,Basic,North America,0
sub_02229,2024-11-21,Standard,APAC,0
sub_02230,2023-07-15,Premium,Europe,0
sub_02231,2024-03-21,Premium,APAC,1
sub_02232,2025-04-28,Premium,Europe,0
sub_02233,2023-08-15,Standard,APAC,1
sub_02234,2025-03-10,Standard,APAC,1
sub_02235,2024-04-21,Basic,North America,0
sub_02236,2023-11-28,Premium,Latin America,0
sub_02237,2024-12-20,Basic,North America,1
sub_02238,2024-12-05,Standard,Europe,1
sub_02239,2024-07-11,Premium,APAC,0
sub_02240,2023-09-22,Standard,North America,1
sub_02241,2025-01-07,Basic,Europe,1
sub_02242,2024-02-27,Basic,North America,0
sub_02243,2024-07-27,Premium,North America,0
sub_02244,2025-03-28,Standard,North America,0
sub_02245,2024-01-25,Basic,North America,1
sub_02246,2023-10-29,Standard,North America,1
sub_02247,2024-04-30,Basic,Europe,0
sub_02248,2025-02-10,Premium,Europe,0
sub_02249,2025-02-25,Basic,Europe,1
sub_02250,2024-08-17,Basic,Europe,0
sub_02251,2024-06-19,Basic,North America,0
sub_02252,2024-05-17,Standard,North America,1
sub_02253,2024-12-24,Standard,APAC,0
sub_02254,2024-06-23,Premium,Latin America,1
sub_02255,2024-11-17,Standard,Europe,0
sub_02256,2024-02-11,Basic,North America,1
sub_02257,2023-11-24,Basic,APAC,0
sub_02258,2024-03-06,Basic,APAC,0
sub_02259,2025-06-16,Premium,North America,0
sub_02260,2023-07-07,Basic,North America,0
sub_02261,2025-05-30,Premium,North America,0
sub_02262,2023-07-02,Basic,Europe,1
sub_02263,2025-05-25,Basic,Latin America,0
sub_02264,2024-06-12,Basic,Europe,0
sub_02265,2025-04-02,Basic,North America,1
sub_02266,2025-04-09,Premium,Europe,1
sub_02267,2024-02-13,Standard,APAC,1
sub_02268,2024-01-12,Basic,Europe,1
sub_02269,2025-03-24,Standard,APAC,1
sub_02270,2023-07-18,Standard,North America,0
sub_02271,2024-10-30,Premium,North America,0
sub_02272,2024-11-01,Premium,Europe,0
sub_02273,2024-11-16,Standard,Europe,1
sub_02274,2024-07-21,Premium,Latin America,0
sub_02275,2025-02-09,Premium,Europe,1
sub_02276,2024-08-16,Standard,North America,0
sub_02277,2025-01-17,Standard,North America,0
sub_02278,2025-05-11,Basic,Europe,0
sub_02279,2024-09-25,Premium,North America,0
sub_02280,2024-02-21,Premium,APAC,1
sub_02281,2023-12-18,Basic,North America,0
sub_02282,2024-10-07,Premium,North America,0
sub_02283,2024-10-28,Premium,Europe,0
sub_02284,2023-12-01,Basic,North America,1
sub_02285,2024-02-15,Standard,Europe,0
sub_02286,2023-10-30,Premium,Europe,1
sub_02287,2023-09-07,Premium,Europe,0
sub_02288,2023-11-06,Basic,APAC,0
sub_02289,2023-08-16,Basic,APAC,0
sub_02290,2024-08-22,Standard,APAC,0
sub_02291,2024-09-07,Basic,North America,0
sub_02292,2024-10-29,Basic,North America,1
sub_02293,2024-12-30,Basic,APAC,0
sub_02294,2023-12-28,Basic,Europe,0
sub_02295,2024-01-22,Standard,Europe,1
sub_02296,2023-11-21,Standard,Europe,1
sub_02297,2025-02-17,Standard,APAC,0
sub_02298,2024-06-30,Premium,North America,0
sub_02299,2025-01-09,Standard,Europe,1
sub_02300,2023-09-16,Basic,North America,0
sub_02301,2024-12-07,Basic,North America,0
sub_02302,2025-03-05,Basic,Europe,0
sub_02303,2024-05-04,Basic,Europe,1
sub_02304,2023-09-26,Basic,North America,0
sub_02305,2023-08-31,Basic,APAC,1
sub_02306,2025-04-09,Basic,APAC,0
sub_02307,2024-10-26,Standard,Europe,0
sub_02308,2025-02-27,Standard,Latin America,1
sub_02309,2024-11-08,Premium,Europe,1
sub_02310,2024-05-30,Premium,APAC,1
sub_02311,2024-11-28,Standard,North America,0
sub_02312,2025-04-29,Basic,North America,0
sub_02313,2024-06-16,Standard,North America,1
sub_02314,2025-05-10,Basic,North America,1
sub_02315,2025-01-05,Standard,Europe,1
sub_02316,2025-06-16,Basic,North America,0
sub_02317,2025-04-15,Standard,Europe,0
sub_02318,2024-08-08,Basic,North America,0
sub_02319,2023-10-16,Standard,North America,1
sub_02320,2023-12-10,Premium,Latin America,0
sub_02321,2025-04-07,Premium,Europe,1
sub_02322,2025-05-23,Standard,Latin America,1
sub_02323,2024-10-17,Standard,Europe,0
sub_02324,2024-03-06,Basic,North America,0
sub_02325,2023-12-30,Standard,Europe,0
sub_02326,2023-11-05,Standard,Europe,1
sub_02327,2024-10-14,Basic,North America,0
sub_02328,2025-02-16,Basic,APAC,1
sub_02329,2025-05-29,Premium,Europe,0
sub_02330,2025-03-03,Standard,APAC,0
sub_02331,2025-05-01,Standard,Europe,1
sub_02332,2023-10-09,Standard,Europe,0
sub_02333,2024-12-06,Standard,North America,0
sub_02334,2023-11-05,Standard,Latin America,1
sub_02335,2024-05-16,Basic,North America,0
sub_02336,2024-05-27,Standard,North America,0
sub_02337,2024-07-26,Standard,North America,0
sub_02338,2023-11-08,Basic,Europe,0
sub_02339,2025-05-16,Premium,Latin America,1
sub_02340,2025-04-11,Basic,APAC,0
sub_02341,2024-08-17,Standard,APAC,0
sub_02342,2024-09-07,Standard,Latin America,1
sub_02343,2024-05-22,Standard,APAC,1
sub_02344,2024-01-05,Standard,North America,1
sub_02345,2024-04-22,Premium,Europe,0
sub_02346,2024-12-14,Standard,North America,1
sub_02347,2024-10-25,Standard,North America,0
sub_02348,2023-12-26,Standard,North America,0
sub_02349,2025-01-23,Basic,North America,1
sub_02350,2024-06-21,Basic,Latin America,0
sub_02351,2024-05-27,Standard,Latin America,0
sub_02352,2023-12-27,Basic,North America,0
sub_02353,2024-01-22,Basic,APAC,0
sub_02354,2024-07-19,Basic,North America,1
sub_02355,2024-11-07,Standard,North America,0
sub_02356,2024-09-26,Basic,North America,0
sub_02357,2024-08-26,Premium,North America,0
sub_02358,2025-01-11,Standard,North America,1
sub_02359,2024-03-26,Standard,North America,1
sub_02360,2025-01-18,Basic,North America,0
sub_02361,2024-03-09,Standard,North America,0
sub_02362,2023-12-26,Basic,Latin America,0
sub_02363,2023-07-29,Standard,North America,1
sub_02364,2025-03-23,Basic,North America,0
sub_02365,2023-12-21,Premium,Europe,0
sub_02366,2025-04-16,Basic,North America,0
sub_02367,2024-10-18,Standard,Europe,0
sub_02368,2025-02-10,Basic,North America,1
sub_02369,2025-02-20,Standard,Europe,0
sub_02370,2025-02-11,Standard,Europe,0
sub_02371,2025-05-16,Basic,Europe,0
sub_02372,2023-11-05,Basic,Europe,1
sub_02373,2025-05-04,Basic,Europe,0
sub_02374,2024-09-04,Basic,North America,0
sub_02375,2024-02-02,Premium,North America,0
sub_02376,2023-07-08,Standard,Europe,0
sub_02377,2023-10-14,Basic,North America,1
sub_02378,2025-03-10,Premium,North America,0
sub_02379,2023-07-10,Basic,Europe,0
sub_02380,2024-03-06,Standard,North America,1
sub_02381,2025-02-08,Standard,North America,1
sub_02382,2024-07-30,Premium,Europe,0
sub_02383,2023-08-29,Standard,North America,0
sub_02384,2024-09-08,Standard,APAC,1
sub_02385,2025-02-05,Premium,Latin America,0
sub_02386,2023-09-29,Basic,Latin America,1
sub_02387,2023-08-04,Premium,Europe,1
sub_02388,2023-07-19,Premium,North America,0
sub_02389,2023-08-02,Premium,Europe,1
sub_02390,2023-10-01,Basic,Europe,1
sub_02391,2024-07-26,Basic,Europe,0
sub_02392,2025-01-30,Standard,North America,1
sub_02393,2024-04-01,Standard,North America,0
sub_02394,2025-01-09,Standard,North America,1
sub_02395,2024-07-13,Premium,North America,1
sub_02396,2024-03-04,Standard,North America,1
sub_02397,2023-08-09,Basic,Latin America,0
sub_02398,2024-11-22,Standard,North America,0
sub_02399,2024-12-18,Basic,Europe,0
sub_02400,2024-01-07,Basic,Latin America,0
sub_02401,2025-06-12,Basic,North America,0
sub_02402,2024-05-07,Premium,Europe,1
sub_02403,2023-12-30,Standard,Europe,0
sub_02404,2024-05-18,Standard,North America,0
sub_02405,2024-09-15,Basic,Europe,0
sub_02406,2023-11-01,Standard,APAC,1
sub_02407,2024-09-24,Premium,APAC,0
sub_02408,2024-01-25,Premium,APAC,1
sub_02409,2024-07-19,Standard,Latin America,1
sub_02410,2025-05-28,Premium,North America,0
sub_02411,2024-06-02,Standard,APAC,1
sub_02412,2025-05-12,Standard,Europe,0
sub_02413,2023-08-20,Premium,Europe,0
sub_02414,2024-04-12,Basic,APAC,1
sub_02415,2024-09-23,Basic,APAC,0
sub_02416,2024-07-03,Basic,APAC,0
sub_02417,2024-03-30,Standard,North America,1
sub_02418,2024-12-12,Standard,Europe,1
sub_02419,2024-11-22,Standard,North America,0
sub_02420,2024-08-21,Standard,Europe,1
sub_02421,2024-12-13,Basic,APAC,0
sub_02422,2023-12-22,Premium,APAC,1
sub_02423,2025-04-03,Basic,Europe,1
sub_02424,2023-11-03,Premium,Europe,0
sub_02425,2024-10-10,Basic,North America,0
sub_02426,2024-05-11,Standard,North America,1
sub_02427,2025-02-24,Standard,North America,0
sub_02428,2024-09-14,Premium,Latin America,1
sub_02429,2023-12-24,Basic,North America,0
sub_02430,2024-12-05,Premium,Latin America,0
sub_02431,2025-03-14,Standard,North America,1
sub_02432,2024-06-08,Standard,APAC,0
sub_02433,2025-02-20,Standard,Europe,0
sub_02434,2024-11-03,Basic,Europe,0
sub_02435,2024-07-29,Standard,Europe,0
sub_02436,2024-05-09,Basic,APAC,0
sub_02437,2024-03-16,Basic,Latin America,1
sub_02438,2024-02-18,Standard,Europe,0
sub_02439,2023-10-21,Standard,North America,1
sub_02440,2025-04-30,Basic,North America,0
sub_02441,2024-09-30,Basic,APAC,0
sub_02442,2025-06-16,Basic,Europe,0
sub_02443,2025-06-10,Basic,Europe,0
sub_02444,2025-01-16,Standard,Europe,0
sub_02445,2024-04-14,Basic,North America,1
sub_02446,2023-09-15,Premium,APAC,1
sub_02447,2023-12-11,Basic,APAC,1
sub_02448,2024-03-11,Basic,APAC,0
sub_02449,2023-12-07,Premium,APAC,0
sub_02450,2025-02-13,Basic,APAC,0
sub_02451,2023-10-24,Standard,Europe,0
sub_02452,2023-09-18,Premium,Latin America,0
sub_02453,2025-04-09,Premium,North America,0
sub_02454,2024-07-15,Standard,Europe,0
sub_02455,2023-10-31,Basic,APAC,0
sub_02456,2024-07-11,Standard,Europe,0
sub_02457,2023-10-24,Premium,North America,1
sub_02458,2023-08-17,Premium,Europe,0
sub_02459,2024-07-12,Basic,North America,0
sub_02460,2025-05-05,Basic,Latin America,1
sub_02461,2024-10-16,Basic,North America,0
sub_02462,2025-01-13,Basic,North America,0
sub_02463,2024-07-12,Standard,Europe,1
sub_02464,2024-04-23,Basic,North America,1
sub_02465,2024-07-19,Basic,North America,1
sub_02466,2025-01-28,Basic,Europe,1
sub_02467,2024-11-13,Standard,Europe,0
sub_02468,2024-02-16,Basic,North America,1
sub_02469,2025-05-28,Standard,Europe,0
sub_02470,2025-01-14,Basic,Europe,1
sub_02471,2023-09-17,Premium,APAC,1
sub_02472,2025-04-07,Basic,North America,0
sub_02473,2024-08-24,Standard,North America,0
sub_02474,2025-01-19,Basic,Latin America,0
sub_02475,2025-04-03,Basic,Europe,0
sub_02476,2024-08-18,Basic,North America,0
sub_02477,2024-06-08,Basic,APAC,1
sub_02478,2025-02-10,Basic,North America,1
sub_02479,2025-04-22,Standard,APAC,1
sub_02480,2025-03-12,Standard,APAC,1
sub_02481,2024-03-07,Basic,Latin America,0
sub_02482,2023-10-10,Standard,Latin America,1
sub_02483,2025-02-07,Standard,North America,0
sub_02484,2024-10-30,Basic,APAC,1
sub_02485,2024-10-13,Basic,North America,0
sub_02486,2024-10-01,Basic,Europe,0
sub_02487,2024-12-24,Basic,Europe,1
sub_02488,2025-05-08,Standard,North America,0
sub_02489,2024-06-05,Premium,North America,1
sub_02490,2024-10-04,Premium,North America,1
sub_02491,2024-10-14,Premium,North America,1
sub_02492,2024-12-09,Standard,North America,1
sub_02493,2023-08-21,Basic,Latin America,1
sub_02494,2024-04-05,Basic,Europe,0
sub_02495,2024-08-21,Basic,APAC,1
sub_02496,2025-01-20,Basic,APAC,1
sub_02497,2023-11-21,Basic,APAC,1
sub_02498,2023-09-19,Standard,North America,0
sub_02499,2025-05-24,Basic,APAC,0
sub_02500,2023-08-21,Basic,APAC,0
sub_02501,2024-02-02,Standard,APAC,0
sub_02502,2025-04-06,Basic,Latin America,0
sub_02503,2023-12-25,Premium,Europe,1
sub_02504,2025-04-01,Basic,Europe,0
sub_02505,2025-05-11,Standard,APAC,1
sub_02506,2025-03-26,Basic,Europe,1
sub_02507,2024-07-22,Standard,APAC,1
sub_02508,2024-03-30,Basic,North America,1
sub_02509,2024-08-29,Basic,North America,0
sub_02510,2025-03-21,Standard,Europe,1
sub_02511,2025-01-25,Basic,North America,1
sub_02512,2023-10-15,Basic,Latin America,1
sub_02513,2023-07-28,Premium,North America,0
sub_02514,2023-12-24,Basic,APAC,1
sub_02515,2025-04-03,Standard,North America,0
sub_02516,2023-11-08,Standard,Latin America,1
sub_02517,2024-02-07,Basic,North America,0
sub_02518,2024-06-05,Standard,North America,0
sub_02519,2025-03-06,Basic,North America,1
sub_02520,2023-07-04,Standard,Europe,1
sub_02521,2024-08-04,Basic,Latin America,1
sub_02522,2025-05-16,Basic,Latin America,0
sub_02523,2025-01-17,Basic,North America,0
sub_02524,2024-09-02,Premium,Europe,1
sub_02525,2025-05-03,Premium,North America,1
sub_02526,2024-10-28,Premium,Europe,0
sub_02527,2024-07-16,Standard,Europe,0
sub_02528,2023-08-07,Standard,North America,1
sub_02529,2025-04-16,Standard,Europe,1
sub_02530,2024-04-29,Premium,APAC,0
sub_02531,2023-08-31,Standard,North America,0
sub_02532,2023-11-17,Basic,North America,1
sub_02533,2023-08-24,Standard,North America,1
sub_02534,2025-02-15,Standard,North America,0
sub_02535,2023-11-21,Basic,North America,1
sub_02536,2023-07-17,Basic,Europe,0
sub_02537,2024-10-26,Basic,North America,0
sub_02538,2024-06-24,Premium,APAC,0
sub_02539,2024-06-01,Basic,APAC,0
sub_02540,2024-06-28,Premium,Latin America,0
sub_02541,2024-11-21,Standard,Europe,0
sub_02542,2023-07-22,Premium,North America,0
sub_02543,2023-08-02,Basic,North America,1
sub_02544,2024-09-17,Premium,North America,1
sub_02545,2023-11-18,Standard,Latin America,1
sub_02546,2024-09-05,Basic,Latin America,0
sub_02547,2023-11-25,Basic,North America,1
sub_02548,2024-04-24,Basic,North America,1
sub_02549,2024-07-15,Basic,Europe,1
sub_02550,2025-03-17,Standard,North America,1
sub_02551,2024-03-05,Premium,Latin America,1
sub_02552,2024-10-30,Standard,North America,1
sub_02553,2025-01-12,Standard,North America,0
sub_02554,2025-01-29,Standard,Europe,1
sub_02555,2023-07-14,Premium,North America,0
sub_02556,2025-04-04,Premium,North America,0
sub_02557,2023-11-23,Basic,APAC,1
sub_02558,2023-10-05,Premium,North America,0
sub_02559,2025-05-25,Basic,Europe,1
sub_02560,2024-04-21,Premium,North America,0
sub_02561,2024-04-29,Premium,North America,0
sub_02562,2024-10-03,Standard,North America,1
sub_02563,2024-02-25,Basic,North America,1
sub_02564,2024-08-28,Standard,North America,0
sub_02565,2024-08-06,Basic,North America,0
sub_02566,2024-08-12,Premium,APAC,0
sub_02567,2023-11-21,Basic,APAC,0
sub_02568,2024-03-20,Standard,Latin America,0
sub_02569,2024-09-18,Premium,Europe,0
sub_02570,2023-08-23,Basic,APAC,1
sub_02571,2023-11-20,Basic,Europe,1
sub_02572,2023-08-19,Standard,North America,1
sub_02573,2024-01-10,Standard,North America,0
sub_02574,2024-09-09,Basic,Europe,0
sub_02575,2023-12-11,Basic,APAC,1
sub_02576,2024-10-24,Standard,Europe,0
sub_02577,2024-12-05,Standard,North America,1
sub_02578,2024-07-29,Standard,Latin America,0
sub_02579,2023-07-23,Basic,North America,0
sub_02580,2024-05-06,Standard,Latin America,0
sub_02581,2024-09-15,Basic,APAC,1
sub_02582,2024-07-21,Basic,APAC,1
sub_02583,2024-11-20,Standard,APAC,0
sub_02584,2024-03-02,Basic,North America,0
sub_02585,2024-10-09,Standard,Europe,0
sub_02586,2024-05-16,Premium,APAC,0
sub_02587,2024-09-25,Standard,APAC,0
sub_02588,2024-10-30,Standard,North America,0
sub_02589,2023-07-23,Basic,North America,0
sub_02590,2024-10-12,Basic,North America,1
sub_02591,2025-04-27,Basic,Europe,1
sub_02592,2024-09-18,Premium,Europe,0
sub_02593,2024-05-31,Premium,APAC,1
sub_02594,2025-04-10,Basic,APAC,0
sub_02595,2024-11-10,Basic,Europe,0
sub_02596,2025-02-18,Basic,North America,0
sub_02597,2024-06-23,Standard,Europe,1
sub_02598,2024-01-16,Standard,North America,1
sub_02599,2023-07-24,Standard,North America,0
sub_02600,2024-09-11,Premium,North America,1
sub_02601,2023-10-07,Basic,North America,0
sub_02602,2025-01-14,Standard,North America,1
sub_02603,2023-12-06,Standard,Europe,0
sub_02604,2024-05-10,Basic,North America,0
sub_02605,2023-12-22,Premium,North America,0
sub_02606,2023-12-24,Basic,North America,1
sub_02607,2024-05-31,Standard,Europe,1
sub_02608,2024-12-14,Standard,Europe,0
sub_02609,2024-06-05,Premium,North America,0
sub_02610,2023-11-03,Standard,North America,1
sub_02611,2023-07-23,Basic,Latin America,0
sub_02612,2023-08-22,Premium,Europe,0
sub_02613,2025-02-07,Premium,Europe,0
sub_02614,2024-04-15,Standard,Europe,0
sub_02615,2025-04-03,Premium,APAC,0
sub_02616,2024-02-24,Basic,APAC,0
sub_02617,2023-07-07,Standard,North America,0
sub_02618,2025-05-10,Premium,Europe,0
sub_02619,2024-03-03,Basic,North America,1
sub_02620,2023-08-10,Standard,Europe,1
sub_02621,2023-10-19,Premium,North America,1
sub_02622,2024-09-08,Premium,North America,0
sub_02623,2025-04-03,Premium,Latin America,0
sub_02624,2023-08-25,Basic,APAC,1
sub_02625,2023-08-27,Premium,North America,0
sub_02626,2024-04-28,Basic,Latin America,1
sub_02627,2023-07-17,Standard,North America,0
sub_02628,2025-06-13,Standard,Europe,1
sub_02629,2024-04-01,Premium,APAC,1
sub_02630,2025-05-20,Premium,North America,1
sub_02631,2023-08-17,Standard,Europe,1
sub_02632,2024-02-15,Standard,Europe,0
sub_02633,2023-09-01,Standard,North America,1
sub_02634,2024-05-10,Standard,Europe,1
sub_02635,2025-04-18,Standard,North America,0
sub_02636,2025-05-29,Basic,Europe,1
sub_02637,2024-10-19,Standard,North America,0
sub_02638,2024-01-01,Premium,North America,0
sub_02639,2025-02-28,Standard,APAC,0
sub_02640,2023-10-15,Premium,North America,1
sub_02641,2024-12-27,Basic,Europe,1
sub_02642,2024-06-26,Standard,APAC,0
sub_02643,2025-01-22,Basic,APAC,0
sub_02644,2024-07-18,Basic,North America,1
sub_02645,2024-07-28,Standard,APAC,0
sub_02646,2025-06-13,Basic,APAC,0
sub_02647,2024-05-06,Basic,North America,0
sub_02648,2023-12-01,Standard,APAC,0
sub_02649,2023-08-16,Standard,APAC,0
sub_02650,2024-10-23,Standard,Europe,0
sub_02651,2023-09-25,Basic,Europe,1
sub_02652,2023-09-26,Standard,APAC,1
sub_02653,2023-07-10,Standard,Latin America,1
sub_02654,2024-09-22,Standard,Europe,1
sub_02655,2023-10-16,Standard,APAC,1
sub_02656,2024-05-08,Basic,APAC,1
sub_02657,2025-05-06,Premium,APAC,0
sub_02658,2024-12-05,Basic,Latin America,1
sub_02659,2024-02-21,Standard,North America,1
sub_02660,2025-02-22,Basic,North America,1
sub_02661,2024-08-09,Standard,Europe,0
sub_02662,2023-12-10,Basic,Europe,1
sub_02663,2025-03-01,Premium,Europe,0
sub_02664,2024-06-26,Basic,APAC,0
sub_02665,2025-01-14,Standard,Latin America,0
sub_02666,2024-05-28,Basic,North America,1
sub_02667,2024-12-26,Basic,APAC,1
sub_02668,2023-07-26,Standard,North America,1
sub_02669,2025-04-23,Standard,Europe,0
sub_02670,2023-07-28,Standard,North America,0
sub_02671,2023-11-28,Premium,Europe,1
sub_02672,2023-10-13,Standard,Europe,1
sub_02673,2023-10-16,Premium,APAC,0
sub_02674,2025-02-02,Basic,Europe,1
sub_02675,2023-08-20,Premium,North America,1
sub_02676,2024-04-17,Standard,North America,0
sub_02677,2023-07-29,Standard,North America,0
sub_02678,2023-09-27,Premium,Latin America,0
sub_02679,2024-04-27,Standard,Latin America,0
sub_02680,2024-09-21,Premium,North America,0
sub_02681,2025-03-25,Standard,North America,0
sub_02682,2025-04-05,Basic,Europe,1
sub_02683,2024-09-10,Standard,Europe,0
sub_02684,2023-11-14,Standard,North America,1
sub_02685,2024-06-20,Premium,North America,0
sub_02686,2024-07-07,Premium,North America,0
sub_02687,2024-12-23,Basic,North America,1
sub_02688,2024-05-08,Basic,North America,0
sub_02689,2024-03-17,Basic,North America,0
sub_02690,2023-07-14,Standard,Europe,0
sub_02691,2024-01-11,Basic,Europe,1
sub_02692,2024-04-08,Standard,North America,0
sub_02693,2023-09-04,Standard,Europe,0
sub_02694,2024-08-16,Premium,Europe,0
sub_02695,2023-08-17,Basic,APAC,0
sub_02696,2024-09-25,Standard,Latin America,0
sub_02697,2025-03-17,Basic,North America,1
sub_02698,2024-08-21,Premium,APAC,0
sub_02699,2025-03-16,Basic,APAC,0
sub_02700,2025-03-24,Basic,Europe,0
sub_02701,2023-09-25,Basic,North America,1
sub_02702,2023-11-25,Premium,North America,1
sub_02703,2025-01-09,Basic,North America,1
sub_02704,2023-10-26,Standard,Latin America,1
sub_02705,2025-04-28,Standard,Europe,1
sub_02706,2024-11-25,Premium,North America,1
sub_02707,2024-01-28,Basic,Europe,0
sub_02708,2024-11-11,Basic,North America,1
sub_02709,2024-01-10,Standard,North America,0
sub_02710,2023-09-29,Basic,Europe,0
sub_02711,2025-04-30,Standard,Europe,0
sub_02712,2025-05-30,Basic,APAC,0
sub_02713,2023-08-13,Standard,Europe,0
sub_02714,2024-06-09,Basic,Europe,0
sub_02715,2024-06-19,Standard,APAC,0
sub_02716,2024-07-20,Basic,North America,1
sub_02717,2024-08-10,Standard,Europe,0
sub_02718,2024-02-08,Basic,APAC,0
sub_02719,2024-04-27,Premium,North America,0
sub_02720,2025-02-20,Standard,North America,1
sub_02721,2024-03-25,Basic,North America,1
sub_02722,2024-02-24,Basic,North America,0
sub_02723,2025-03-27,Basic,Europe,1
sub_02724,2024-09-20,Basic,North America,1
sub_02725,2023-11-28,Basic,Europe,1
sub_02726,2024-03-31,Premium,North America,0
sub_02727,2025-03-11,Standard,North America,1
sub_02728,2025-05-19,Basic,North America,0
sub_02729,2024-04-26,Standard,North America,0
sub_02730,2024-07-21,Basic,Latin America,0
sub_02731,2023-07-29,Premium,North America,1
sub_02732,2024-06-08,Basic,North America,0
sub_02733,2023-08-20,Standard,North America,1
sub_02734,2025-01-14,Premium,North America,0
sub_02735,2024-07-31,Basic,Europe,0
sub_02736,2025-03-09,Basic,APAC,0
sub_02737,2024-05-01,Basic,North America,0
sub_02738,2025-02-02,Premium,Europe,1
sub_02739,2024-06-29,Standard,Europe,1
sub_02740,2024-10-13,Standard,APAC,1
sub_02741,2025-02-04,Premium,Europe,1
sub_02742,2025-04-08,Premium,North America,0
sub_02743,2024-06-15,Standard,APAC,0
sub_02744,2023-08-08,Standard,APAC,1
sub_02745,2025-01-25,Standard,Europe,0
sub_02746,2024-08-31,Basic,Latin America,1
sub_02747,2025-01-07,Premium,APAC,1
sub_02748,2023-11-15,Basic,North America,0
sub_02749,2024-08-23,Basic,APAC,1
sub_02750,2023-07-20,Premium,Europe,1
sub_02751,2024-12-23,Basic,Europe,0
sub_02752,2025-04-20,Basic,Europe,1
sub_02753,2024-04-25,Basic,APAC,1
sub_02754,2024-03-07,Standard,Europe,0
sub_02755,2023-07-08,Premium,Europe,1
sub_02756,2023-10-02,Basic,North America,0
sub_02757,2023-09-22,Basic,Europe,0
sub_02758,2024-03-19,Standard,Latin America,0
sub_02759,2024-10-02,Premium,APAC,1
sub_02760,2024-08-13,Basic,North America,0
sub_02761,2025-03-13,Premium,APAC,0
sub_02762,2024-08-12,Premium,APAC,1
sub_02763,2024-09-29,Basic,Europe,1
sub_02764,2025-05-22,Premium,North America,1
sub_02765,2025-01-21,Standard,Europe,1
sub_02766,2024-05-30,Standard,North America,0
sub_02767,2024-09-25,Standard,North America,0
sub_02768,2023-07-06,Premium,Europe,0
sub_02769,2024-07-09,Premium,Latin America,1
sub_02770,2023-07-31,Premium,North America,0
sub_02771,2024-02-29,Premium,APAC,0
sub_02772,2025-05-19,Standard,Latin America,0
sub_02773,2025-01-22,Premium,North America,0
sub_02774,2024-01-28,Premium,North America,0
sub_02775,2024-05-22,Basic,APAC,1
sub_02776,2024-11-12,Basic,APAC,1
sub_02777,2024-06-08,Standard,North America,0
sub_02778,2023-09-09,Premium,Europe,0
sub_02779,2024-09-11,Basic,Europe,1
sub_02780,2025-05-15,Standard,APAC,0
sub_02781,2024-11-06,Basic,APAC,1
sub_02782,2023-08-16,Basic,North America,1
sub_02783,2023-12-19,Standard,North America,0
sub_02784,2023-10-26,Basic,North America,1
sub_02785,2023-09-03,Premium,Latin America,0
sub_02786,2025-03-24,Basic,Latin America,1
sub_02787,2024-11-26,Premium,APAC,1
sub_02788,2025-05-05,Basic,North America,1
sub_02789,2025-06-13,Premium,Europe,0
sub_02790,2023-10-28,Standard,North America,0
sub_02791,2023-08-16,Basic,North America,1
sub_02792,2025-02-25,Basic,North America,1
sub_02793,2024-01-16,Basic,APAC,0
sub_02794,2024-05-30,Standard,North America,1
sub_02795,2025-04-28,Premium,Europe,0
sub_02796,2023-08-31,Standard,Latin America,0
sub_02797,2023-10-02,Standard,Europe,1
sub_02798,2024-05-06,Standard,North America,0
sub_02799,2024-01-27,Standard,Latin America,0
sub_02800,2024-09-05,Standard,Europe,0
sub_02801,2023-11-27,Standard,Europe,0
sub_02802,2024-08-02,Standard,Europe,1
sub_02803,2023-07-09,Premium,APAC,0
sub_02804,2025-05-02,Basic,Europe,0
sub_02805,2025-02-13,Basic,Europe,1
sub_02806,2023-07-24,Basic,Europe,0
sub_02807,2024-11-22,Standard,North America,0
sub_02808,2024-11-06,Basic,APAC,0
sub_02809,2023-11-28,Premium,North America,1
sub_02810,2025-02-01,Standard,North America,0
sub_02811,2024-06-14,Standard,North America,0
sub_02812,2024-11-24,Premium,North America,1
sub_02813,2025-01-26,Basic,North America,0
sub_02814,2023-07-27,Premium,Europe,0
sub_02815,2025-01-24,Basic,North America,0
sub_02816,2025-04-10,Standard,North America,1
sub_02817,2024-02-20,Premium,APAC,0
sub_02818,2023-10-05,Premium,Latin America,0
sub_02819,2025-03-17,Premium,Europe,1
sub_02820,2024-01-27,Basic,North America,1
sub_02821,2024-05-25,Premium,North America,0
sub_02822,2023-10-31,Standard,North America,0
sub_02823,2025-03-18,Standard,North America,1
sub_02824,2023-07-19,Basic,Latin America,0
sub_02825,2024-03-30,Basic,APAC,1
sub_02826,2023-10-23,Standard,North America,1
sub_02827,2024-09-30,Basic,Latin America,1
sub_02828,2023-08-11,Standard,Europe,0
sub_02829,2024-03-25,Premium,North America,0
sub_02830,2025-03-18,Premium,Europe,1
sub_02831,2023-08-26,Basic,North America,0
sub_02832,2023-11-25,Premium,APAC,0
sub_02833,2024-11-14,Basic,North America,1
sub_02834,2024-05-22,Standard,Europe,0
sub_02835,2024-09-12,Premium,North America,0
sub_02836,2024-05-23,Basic,Latin America,1
sub_02837,2023-07-26,Basic,Europe,1
sub_02838,2023-09-12,Basic,Europe,0
sub_02839,2025-01-13,Standard,North America,0
sub_02840,2023-07-22,Premium,Latin America,0
sub_02841,2024-08-07,Basic,Europe,1
sub_02842,2024-01-29,Basic,North America,1
sub_02843,2023-12-17,Standard,APAC,1
sub_02844,2024-07-06,Basic,North America,0
sub_02845,2024-07-25,Standard,North America,0
sub_02846,2024-07-25,Premium,Europe,0
sub_02847,2023-10-08,Premium,North America,0
sub_02848,2024-09-13,Premium,Europe,1
sub_02849,2024-11-28,Standard,North America,1
sub_02850,2024-10-01,Premium,North America,0
sub_02851,2025-01-28,Basic,North America,1
sub_02852,2024-09-09,Basic,North America,0
sub_02853,2025-03-27,Standard,Latin America,0
sub_02854,2025-04-13,Basic,Europe,1
sub_02855,2024-01-15,Premium,Europe,0
sub_02856,2025-04-22,Standard,North America,1
sub_02857,2024-05-06,Premium,APAC,0
sub_02858,2023-12-06,Basic,North America,0
sub_02859,2024-01-15,Standard,North America,0
sub_02860,2024-08-01,Standard,Europe,0
sub_02861,2025-01-29,Basic,Europe,0
sub_02862,2023-08-20,Standard,APAC,0
sub_02863,2023-10-28,Standard,APAC,0
sub_02864,2024-04-04,Premium,APAC,0
sub_02865,2025-04-15,Standard,North America,0
sub_02866,2025-05-22,Basic,North America,0
sub_02867,2024-11-03,Standard,North America,0
sub_02868,2025-02-24,Standard,APAC,0
sub_02869,2023-10-09,Basic,Latin America,1
sub_02870,2025-01-20,Standard,Latin America,1
sub_02871,2024-11-26,Basic,North America,1
sub_02872,2023-07-19,Basic,APAC,0
sub_02873,2023-11-09,Standard,Europe,0
sub_02874,2025-01-11,Basic,APAC,0
sub_02875,2024-09-15,Standard,Europe,0
sub_02876,2024-06-12,Basic,North America,0
sub_02877,2024-02-27,Standard,North America,0
sub_02878,2023-08-16,Basic,Latin America,1
sub_02879,2023-10-02,Premium,Europe,1
sub_02880,2023-07-18,Basic,North America,0
sub_02881,2025-05-18,Standard,North America,1
sub_02882,2024-12-29,Basic,North America,0
sub_02883,2024-05-09,Basic,Latin America,1
sub_02884,2025-05-12,Standard,North America,1
sub_02885,2024-10-05,Premium,North America,1
sub_02886,2025-02-27,Premium,APAC,1
sub_02887,2023-08-19,Basic,Europe,1
sub_02888,2025-05-02,Basic,North America,0
sub_02889,2025-03-02,Standard,North America,1
sub_02890,2025-01-28,Standard,North America,1
sub_02891,2025-03-02,Basic,North America,0
sub_02892,2024-05-05,Premium,North America,0
sub_02893,2024-09-29,Standard,North America,0
sub_02894,2023-09-02,Standard,APAC,0
sub_02895,2024-12-12,Basic,APAC,0
sub_02896,2024-05-28,Standard,APAC,0
sub_02897,2024-03-01,Basic,North America,0
sub_02898,2024-03-25,Premium,North America,0
sub_02899,2023-11-24,Basic,Latin America,1
sub_02900,2025-01-23,Premium,APAC,0
sub_02901,2024-06-18,Premium,Europe,1
sub_02902,2023-11-21,Standard,North America,1
sub_02903,2023-10-08,Basic,North America,1
sub_02904,2024-03-31,Basic,Europe,0
sub_02905,2024-03-07,Standard,Europe,0
sub_02906,2023-10-07,Standard,North America,1
sub_02907,2024-03-26,Premium,Latin America,0
sub_02908,2023-08-07,Basic,Europe,1
sub_02909,2025-03-17,Premium,Europe,0
sub_02910,2024-10-10,Basic,North America,0
sub_02911,2025-03-28,Basic,APAC,1
sub_02912,2025-04-13,Basic,APAC,0
sub_02913,2024-07-14,Standard,North America,0
sub_02914,2025-01-06,Basic,Europe,1
sub_02915,2024-08-29,Basic,Europe,1
sub_02916,2024-08-07,Premium,APAC,1
sub_02917,2024-03-29,Standard,North America,0
sub_02918,2023-08-09,Basic,APAC,1
sub_02919,2023-10-17,Basic,Europe,0
sub_02920,2024-09-19,Standard,North America,0
sub_02921,2024-10-26,Basic,North America,0
sub_02922,2023-12-13,Basic,North America,1
sub_02923,2025-03-20,Standard,North America,0
sub_02924,2024-05-26,Basic,Europe,0
sub_02925,2024-08-18,Standard,APAC,0
sub_02926,2025-02-06,Basic,North America,0
sub_02927,2024-04-01,Basic,Latin America,0
sub_02928,2024-10-30,Basic,North America,0
sub_02929,2025-02-04,Basic,Europe,1
sub_02930,2024-03-06,Basic,Latin America,0
sub_02931,2025-02-12,Basic,APAC,1
sub_02932,2024-02-21,Premium,Europe,1
sub_02933,2025-02-20,Premium,APAC,1
sub_02934,2024-08-09,Basic,North America,0
sub_02935,2023-11-16,Standard,North America,0
sub_02936,2025-01-04,Standard,Europe,0
sub_02937,2023-12-15,Premium,North America,1
sub_02938,2024-01-17,Basic,North America,0
sub_02939,2023-09-09,Basic,North America,0
sub_02940,2025-02-16,Basic,Latin America,0
sub_02941,2024-01-21,Basic,APAC,0
sub_02942,2023-08-16,Basic,APAC,0
sub_02943,2023-12-18,Premium,APAC,0
sub_02944,2025-02-02,Premium,North America,0
sub_02945,2023-11-06,Basic,North America,0
sub_02946,2025-04-01,Standard,Europe,0
sub_02947,2024-04-21,Basic,Europe,0
sub_02948,2024-06-25,Standard,North America,1
sub_02949,2024-06-01,Standard,Europe,0
sub_02950,2024-06-10,Basic,Europe,0
sub_02951,2025-05-25,Premium,North America,0
sub_02952,2024-06-18,Premium,North America,0
sub_02953,2023-08-16,Standard,North America,1
sub_02954,2024-08-08,Standard,Europe,1
sub_02955,2024-11-30,Standard,Latin America,1
sub_02956,2023-07-05,Basic,Europe,0
sub_02957,2025-04-07,Basic,APAC,0
sub_02958,2024-07-03,Standard,APAC,0
sub_02959,2024-06-14,Basic,North America,1
sub_02960,2024-07-09,Premium,Europe,0
sub_02961,2023-08-27,Standard,Europe,0
sub_02962,2024-08-19,Standard,Europe,0
sub_02963,2023-07-21,Basic,North America,1
sub_02964,2025-04-30,Premium,Latin America,0
sub_02965,2024-01-08,Basic,Latin America,1
sub_02966,2024-04-18,Basic,North America,0
sub_02967,2024-12-26,Basic,North America,0
sub_02968,2025-01-04,Standard,North America,1
sub_02969,2024-01-18,Premium,APAC,0
sub_02970,2024-03-17,Basic,Europe,0
sub_02971,2024-04-05,Premium,North America,0
sub_02972,2025-05-11,Basic,APAC,1
sub_02973,2024-04-14,Standard,North America,1
sub_02974,2023-07-15,Basic,Europe,0
sub_02975,2025-06-04,Standard,North America,0
sub_02976,2024-07-16,Standard,Europe,0
sub_02977,2024-06-28,Standard,Europe,1
sub_02978,2023-09-13,Basic,North America,0
sub_02979,2024-11-26,Premium,Europe,1
sub_02980,2024-07-11,Premium,Latin America,1
sub_02981,2024-01-20,Standard,Europe,0
sub_02982,2025-05-04,Standard,Latin America,1
sub_02983,2023-11-21,Premium,Europe,1
sub_02984,2023-11-06,Basic,APAC,1
sub_02985,2024-01-18,Premium,North America,0
sub_02986,2024-03-09,Basic,APAC,0
sub_02987,2023-12-29,Premium,North America,1
sub_02988,2023-12-05,Basic,North America,0
sub_02989,2023-09-09,Basic,North America,1
sub_02990,2024-08-14,Standard,North America,1
sub_02991,2024-07-25,Standard,Latin America,0
sub_02992,2024-03-17,Premium,Latin America,0
sub_02993,2025-01-29,Premium,APAC,0
sub_02994,2023-10-12,Basic,North America,0
sub_02995,2023-12-13,Basic,APAC,0
sub_02996,2024-03-22,Basic,APAC,1
sub_02997,2024-11-13,Standard,North America,0
sub_02998,2024-10-11,Standard,Europe,0
sub_02999,2024-08-09,Premium,Europe,0
sub_03000,2024-02-28,Premium,North America,0
